Rank,Channel,Watch time,Stream time,Peak viewers,Average viewers,Followers,Followers gained,Partnered,Mature,Language,Channel name
1,xQc,14011281315,203550,312158,68834,11428830,1800441,TRUE,FALSE,English,xQc
2,Gaules,9839529720,522840,669678,18819,3790658,600843,TRUE,TRUE,Portuguese,Gaules
3,ibai,6787631295,83070,3351678,81709,12085920,3489818,TRUE,FALSE,Spanish,ibai
4,auronplay,6118856040,67815,457641,90228,14208902,3287383,TRUE,FALSE,Spanish,auronplay
5,ESL_CSGO,5318476725,347145,550154,15320,5836661,763340,TRUE,FALSE,English,ESL_CSGO
6,fps_shaka,4892895300,233385,78288,20964,1001143,300509,TRUE,FALSE,Japanese,fps_shaka
7,HasanAbi,4871475885,150090,153661,32457,2300216,671124,TRUE,FALSE,English,HasanAbi
8,Trainwreckstv,4776348165,162255,70364,29437,2117035,499913,TRUE,TRUE,English,Trainwreckstv
9,Asmongold,4677443850,67275,448161,69527,3361895,943605,TRUE,FALSE,English,Asmongold
10,tarik,4357902090,185145,187886,23537,2369061,1218327,TRUE,FALSE,English,tarik
11,summit1g,4147069530,251280,45964,16503,6147016,136357,TRUE,FALSE,English,summit1g
12,eliasn97,4075225035,130515,189931,31224,1300433,603221,TRUE,FALSE,German,eliasn97
13,loud_coringa,3933025500,92430,198645,42551,3669805,994321,TRUE,FALSE,Portuguese,loud_coringa
14,loltyler1,3910573170,168075,74015,23266,5131708,473738,TRUE,FALSE,English,loltyler1
15,KaiCenat,3848642010,82050,283245,46906,3332078,2527340,TRUE,FALSE,English,KaiCenat
16,LCK_Korea,3804313575,77310,692626,49208,1429361,271249,TRUE,FALSE,Korean,LCK_Korea
17,casimito,3801760875,110670,540146,34352,3408065,2258513,TRUE,TRUE,Portuguese,casimito
18,Fextralife,3760613145,160620,248428,23413,1445166,491303,TRUE,FALSE,English,Fextralife
19,otplol_,3649194495,485745,204072,7512,612756,176479,TRUE,FALSE,French,otplol_
20,Rubius,3606849465,98940,372079,36454,13250628,2722397,TRUE,FALSE,Spanish,Rubius
21,riotgames,3573103200,76650,988867,46615,6558494,502957,TRUE,FALSE,English,Riot Games (riotgames)
22,AdinRoss,3556523955,66075,266118,53825,7024327,1763837,TRUE,FALSE,English,AdinRoss
23,ROSHTEIN,3532531455,152985,47775,23090,1080581,260313,FALSE,TRUE,English,ROSHTEIN
24,IlloJuan,3345454440,93450,172014,35799,2713994,1586812,TRUE,FALSE,Spanish,IlloJuan
25,VALORANT,3230540910,125790,344755,25682,3520417,1431617,TRUE,FALSE,English,VALORANT
26,juansguarnizo,3156179790,102270,282341,30861,9450195,3388112,TRUE,FALSE,Spanish,juansguarnizo
27,TheGrefg,2964236850,115695,1066622,25621,10465707,1706754,TRUE,FALSE,Spanish,TheGrefg
28,ElSpreen,2943709095,64710,188812,45490,6030881,4002066,TRUE,FALSE,Spanish,ElSpreen
29,stylishnoob4,2916765120,161970,76631,18008,928774,212214,TRUE,FALSE,Japanese,stylishnoob4
30,elxokas,2904460275,152775,1185959,19011,3050143,1704293,TRUE,FALSE,Spanish,elxokas
31,NICKMERCS,2773007385,117225,108069,23655,6613343,360238,TRUE,FALSE,English,NICKMERCS
32,handongsuk,2717773335,187890,69818,14464,538341,77067,TRUE,FALSE,Korean,한동숙 (handongsuk)
33,hanryang1125,2533793730,176085,38921,14389,600262,36239,TRUE,TRUE,Korean,풍월량 (hanryang1125)
34,shroud,2429040765,131070,93631,18532,10418842,558682,TRUE,FALSE,English,shroud
35,Kamet0,2386999545,146385,419458,16306,1514169,492567,TRUE,FALSE,French,Kamet0
36,woowakgood,2358123840,154470,79470,15265,922856,172173,TRUE,FALSE,Korean,우왁굳 (woowakgood)
37,Mizkif,2338015020,72510,122011,32244,2051570,370959,TRUE,FALSE,English,Mizkif
38,ElMariana,2314802580,60645,125423,38169,6076256,3324472,TRUE,FALSE,Spanish,ElMariana
39,LIRIK,2294696205,122010,52716,18807,2909070,57055,TRUE,FALSE,English,LIRIK
40,TSM_ImperialHal,2276093655,119835,108815,18993,1733844,504666,TRUE,FALSE,English,TSM_ImperialHal
41,NoWay4u_Sir,2230324395,176520,34205,12634,576431,83721,TRUE,FALSE,German,NoWay4u_Sir
42,kato_junichi0817,2192999400,92745,113309,23645,680472,190761,FALSE,FALSE,Japanese,加藤純一です (kato_junichi0817)
43,Trymacs,2184227175,109725,140876,19906,3219048,430300,TRUE,FALSE,German,Trymacs
44,RocketLeague,2024593440,46740,256159,43316,3798244,398130,TRUE,FALSE,English,RocketLeague
45,LEC,2012751105,39930,339696,50406,1817561,261902,TRUE,FALSE,English,LEC
46,Amouranth,1999947795,222945,67949,8970,6091128,1327470,TRUE,FALSE,English,Amouranth
47,csgo_mc,1918473525,99375,355128,19305,1198401,184369,TRUE,FALSE,Russian,csgo_mc
48,iiTzTimmy,1874566110,189810,62328,9876,2528330,1128529,TRUE,FALSE,English,iiTzTimmy
49,LVNDMARK,1851845955,163095,128877,11354,975964,285547,TRUE,FALSE,English,LVNDMARK
50,sodapoppin,1839522795,99630,77377,18463,8823932,5655782,TRUE,TRUE,English,sodapoppin
51,Quin69,1829549055,176340,30272,10375,713691,78255,TRUE,FALSE,English,Quin69
52,MontanaBlack88,1825701390,58380,129472,31272,4768977,491490,TRUE,TRUE,German,MontanaBlack88
53,LCS,1795211955,60900,243463,29478,1884219,255632,TRUE,FALSE,English,LCS
54,alanzoka,1787903070,97200,72306,18394,6084654,741217,TRUE,FALSE,Portuguese,alanzoka
55,Rainbow6,1743617325,74040,149268,23549,2385338,247105,TRUE,TRUE,English,Rainbow6
56,k4sen,1719461565,149670,66627,11488,469953,310330,TRUE,FALSE,Japanese,k4sen
57,gabepeixe,1715142735,154890,85530,11073,1011217,530623,TRUE,FALSE,Portuguese,gabepeixe
58,buddha,1708106925,125745,67137,13583,820773,134825,TRUE,TRUE,English,buddha
59,LVPes,1702418370,91155,127804,18676,1042947,201544,TRUE,FALSE,Spanish,LVPes
60,k3soju,1681919085,122850,30785,13690,420539,151059,TRUE,FALSE,English,k3soju
61,aceu,1677765210,112455,36749,14919,2823131,812793,TRUE,TRUE,English,aceu
62,YoDa,1658021205,152220,41635,10892,2375127,177841,TRUE,FALSE,Portuguese,YoDa
63,Elraenn,1645168680,60885,163915,27020,3706994,1042853,TRUE,TRUE,Turkish,Elraenn
64,GamesDoneQuick,1644324735,151815,114165,10831,1936496,96495,TRUE,FALSE,English,GamesDoneQuick
65,CohhCarnage,1639911450,183510,32846,8936,1460805,65180,TRUE,FALSE,English,CohhCarnage
66,Gorgc,1636117560,140205,93988,11669,623450,91907,TRUE,TRUE,English,Gorgc
67,JLTomy,1618432395,113565,63358,14251,1116403,221516,TRUE,FALSE,French,JLTomy
68,BLASTPremier,1609508010,34890,227568,46130,1423754,303429,TRUE,FALSE,English,BLASTPremier
69,MOONMOON,1601418090,124095,28361,12904,1134343,41566,TRUE,TRUE,English,MOONMOON
70,Castro_1021,1593958500,81765,150694,19494,3650044,372474,TRUE,FALSE,English,Castro_1021
71,moistcr1tikal,1537466265,117840,69435,13047,4661994,1307420,TRUE,FALSE,English,moistcr1tikal
72,PaulinhoLOKObr,1535634240,27840,149938,55159,1543295,1441923,TRUE,FALSE,Portuguese,PaulinhoLOKObr
73,CBLOL,1495957035,51765,173492,28899,1526083,142261,TRUE,FALSE,Portuguese,CBLOL
74,RebirthzTV,1441109205,113655,47600,12679,716304,222553,TRUE,FALSE,Thai,RebirthzTV
75,LCK,1438790460,38520,307586,37351,1508099,240107,TRUE,FALSE,English,LCK
76,LuquEt4,1390172310,100455,92525,13838,1008305,899720,TRUE,FALSE,Portuguese,LuquEt4
77,Nix,1369193010,68070,205614,20114,398542,233846,TRUE,TRUE,Russian,Nix
78,ZeratoR,1364877180,86265,269056,15821,1494990,176715,TRUE,FALSE,French,ZeratoR
79,PENTA,1354108335,161430,22669,8388,346653,57791,TRUE,TRUE,English,PENTA
80,DisguisedToast,1344352095,92880,79178,14474,2741853,548081,TRUE,FALSE,English,DisguisedToast
81,Tfue,1320692130,121410,52689,10877,11279117,509179,TRUE,FALSE,English,Tfue
82,Elajjaz,1317058050,163170,22212,8071,442567,62654,TRUE,FALSE,English,Elajjaz
83,dota2mc,1311116040,124890,96858,10498,710455,55888,TRUE,FALSE,Russian,dota2mc
84,Pestily,1284816210,124470,244422,10322,1209755,197392,TRUE,FALSE,English,Pestily
85,Ponce,1284214320,129945,91051,9882,801547,141000,TRUE,FALSE,French,Ponce
86,Cellbit,1280162610,73965,149983,17307,2536959,314338,TRUE,FALSE,Portuguese,Cellbit
87,Tumblurr,1267212240,98070,45523,12921,1020045,252835,TRUE,FALSE,Italian,Tumblurr
88,zackrawrr,1244506410,96810,78179,12855,1077646,426179,FALSE,FALSE,English,zackrawrr
89,Jasper7se,1242981195,127740,42321,9730,428935,233137,TRUE,FALSE,Japanese,Jasper7se
90,GRONKH,1226078880,67590,40087,18139,1504475,81666,TRUE,TRUE,German,GRONKH
91,ironmouse,1213024065,121860,45312,9954,1402802,558932,TRUE,TRUE,English,ironmouse
92,Gotaga,1198607760,94485,101272,12685,3803760,417960,TRUE,FALSE,French,Gotaga
93,just_ns,1192975515,112560,113128,10598,553785,106396,TRUE,TRUE,Russian,just_ns
94,knekro,1163735835,146280,71244,7955,934444,297885,TRUE,FALSE,Spanish,knekro
95,EsfandTV,1156351260,189960,53523,6087,1180368,194524,TRUE,FALSE,English,EsfandTV
96,Sardoche,1152727755,138015,146368,8352,1286258,109548,TRUE,FALSE,French,Sardoche
97,EWROON,1145455200,97770,29816,11715,858711,57956,TRUE,FALSE,Polish,EWROON
98,SilverName,1136415435,102465,37798,11090,802895,67481,TRUE,FALSE,Russian,SilverName
99,PGL,1135182300,15480,608041,73332,1535147,348466,TRUE,FALSE,English,PGL
100,ESL_DOTA2,1134391215,120465,263970,9416,647810,177851,TRUE,FALSE,English,ESL_DOTA2
101,Recrent,1122567120,192000,24054,5846,875951,240307,TRUE,FALSE,Russian,Recrent
102,aminematue,1116229035,24990,1155060,44667,1802851,1078364,TRUE,FALSE,French,aminematue
103,Zerkaa,1116068250,84495,37875,13208,1364187,269786,TRUE,FALSE,English,Zerkaa
104,forsen,1115139045,123225,22397,9049,1651345,67709,TRUE,TRUE,English,forsen
105,Clix,1109233170,79260,95503,13994,5536508,1238406,TRUE,FALSE,English,Clix
106,buster,1108116810,44460,162925,24923,3319994,1106093,TRUE,FALSE,Russian,buster
107,BeyondTheSummit,1105249575,514425,52300,2148,1174361,104502,TRUE,FALSE,English,BeyondTheSummit
108,Thebausffs,1089644910,77280,47169,14099,877683,415882,TRUE,FALSE,English,Thebausffs
109,yourragegaming,1056024630,64590,92973,16349,1240470,480541,TRUE,FALSE,English,yourragegaming
110,shuteye_orange,1039197045,284100,9944,3657,149250,35809,TRUE,TRUE,Chinese,蝦愛橘子 (shuteye_orange)
111,Maximilian_DOOD,1036005750,104985,62310,9868,1138462,144489,TRUE,FALSE,English,Maximilian_DOOD
112,Symfuhny,1032628170,148620,42110,6948,3811908,317385,TRUE,FALSE,English,Symfuhny
113,PGL_Dota2,1032086820,23190,155951,44505,375687,193917,TRUE,FALSE,English,PGL_Dota2
114,valorant_jpn,1025836515,40965,113833,25041,354575,185412,TRUE,FALSE,Japanese,valorant_jpn
115,abugoku9999,1022493270,157530,30038,6490,385880,232472,TRUE,FALSE,German,abugoku9999
116,Domingo,1011759825,55725,179576,18156,1557880,256013,TRUE,FALSE,French,Domingo
117,ShahZaM,999698115,138465,27202,7219,1638953,495052,TRUE,FALSE,English,ShahZaM
118,chowh1,998188050,161400,59343,6184,704406,194255,TRUE,TRUE,French,chowh1
119,Foolish_Gamers,989185215,138180,40333,7158,1800230,243915,TRUE,FALSE,English,Foolish_Gamers
120,sinatraa,976969890,119850,36942,8151,1753899,620978,TRUE,TRUE,English,sinatraa
121,Maximum,964792845,103560,73985,9316,429131,76693,TRUE,FALSE,English,Maximum
122,Nmplol,957573990,58425,55480,16389,1036290,100053,TRUE,FALSE,English,Nmplol
123,Doublelift,940694970,94530,38423,9951,1750356,136913,TRUE,FALSE,English,Doublelift
124,Kyle,933108870,149475,19520,6242,493329,77649,TRUE,TRUE,English,Kyle
125,Stray228,926838225,107595,33504,8614,1329191,235478,TRUE,FALSE,Russian,Stray228
126,SmiteGame,926775780,362505,67849,2556,682657,38822,TRUE,FALSE,English,SmiteGame
127,TenZ,924433800,39750,106459,23256,3196022,1119135,TRUE,FALSE,English,TenZ
128,saddummy,919716225,188745,12890,4872,655829,8884,TRUE,FALSE,Korean,서새봄냥 (saddummy)
129,LPL,919322070,63015,107903,14588,895574,154881,TRUE,FALSE,English,LPL
130,lol_woolf,917420025,81225,105866,11294,434588,70318,TRUE,FALSE,Korean,울프 (lol_woolf)
131,ZealsAmbitions,916047615,192105,26665,4768,274464,204294,TRUE,FALSE,English,ZealsAmbitions
132,Bonjwa,902652825,273615,33444,3298,217878,17539,TRUE,FALSE,German,Bonjwa
133,darumaisgod,901788690,52110,67120,17305,499569,407199,FALSE,FALSE,Japanese,だるまいずごっど (darumaisgod)
134,GronkhTV,900613155,523260,11752,1721,473983,78967,TRUE,TRUE,German,GronkhTV
135,Distortion2,887461590,169755,20210,5227,513056,126901,TRUE,TRUE,English,Distortion2
136,DreamLeague,884555505,39090,90086,22628,574965,87768,TRUE,FALSE,English,DreamLeague
137,Solary,876677775,459705,51966,1907,680806,68574,TRUE,FALSE,French,Solary
138,AntoineDaniel,872240835,68025,74618,12822,913229,164699,TRUE,TRUE,French,AntoineDaniel
139,Coreano,862485090,208590,62371,4134,528034,241748,TRUE,FALSE,Portuguese,Coreano
140,AnthonyZ,860951550,167370,26781,5144,590660,110830,TRUE,FALSE,English,AnthonyZ
141,ddahyoni,854598705,177450,23226,4815,361570,12734,TRUE,FALSE,Korean,따효니 (ddahyoni)
142,bratishkinOFF,853304775,63615,146916,13413,2316032,787911,TRUE,FALSE,Russian,bratishkinOFF
143,Sykkuno,850458150,41835,66126,20328,4045694,173401,TRUE,FALSE,English,Sykkuno
144,JesusAVGN,847258515,82380,106667,10284,1577161,567124,TRUE,FALSE,Russian,JesusAVGN
145,elded,847162980,129165,39941,6558,5308294,719658,TRUE,FALSE,Spanish,elded
146,Amar,845938980,138465,116033,6109,1486933,270582,TRUE,FALSE,German,Amar
147,Ninja,845372835,64275,59844,13152,18440438,1315560,FALSE,FALSE,English,Ninja
148,BruceDropEmOff,843889485,34590,89145,24396,1139348,736684,TRUE,TRUE,English,BruceDropEmOff
149,VooDooSh,843866340,145050,19022,5817,237551,70385,TRUE,FALSE,Russian,VooDooSh
150,Aydan,834645540,144885,31598,5760,2929351,258082,TRUE,TRUE,English,Aydan
151,AdmiralBahroo,833875080,132465,15825,6295,830869,-25987,TRUE,FALSE,English,AdmiralBahroo
152,MckyTV,833692350,114750,60038,7265,1288477,156414,TRUE,FALSE,German,MckyTV
153,SolaryHS,827353935,468465,11385,1766,191365,18393,TRUE,FALSE,French,SolaryHS
154,Etoiles,817896900,104265,207898,7844,834165,246316,TRUE,FALSE,French,Etoiles
155,Jinnytty,813741000,174615,16065,4660,842826,169454,TRUE,FALSE,English,Jinnytty
156,sweetdreams,813579855,104985,35357,7749,789155,294329,TRUE,FALSE,English,sweetdreams
157,Dhalucard,812929770,157200,28854,5171,501007,50310,TRUE,TRUE,German,Dhalucard
158,boxbox,805431075,145260,29101,5544,2052507,83902,TRUE,FALSE,English,boxbox
159,RTAinJapan,804141060,26385,101725,30477,277116,94692,TRUE,FALSE,Japanese,RTAinJapan
160,Towelliee,803380995,205320,35918,3912,948634,192253,TRUE,FALSE,English,Towelliee
161,SypherPK,791958255,119745,151092,6613,6268593,1059970,TRUE,FALSE,English,SypherPK
162,zilioner,787753275,85170,39730,9249,725611,124522,TRUE,FALSE,Korean,침착맨 (zilioner)
163,GMHikaru,784195605,84435,43511,9287,1524355,190368,TRUE,FALSE,English,GMHikaru
164,Squeezie,781616655,23745,1018817,32917,4003499,790765,TRUE,FALSE,French,Squeezie
165,ESL_CSGOb,781239315,66795,283277,11696,1057789,253032,TRUE,FALSE,English,ESL_CSGOb
166,tmxk319,779079960,130890,24282,5952,824708,91629,TRUE,FALSE,Korean,괴물쥐123 (tmxk319)
167,pokimane,775690545,42975,96124,18049,9269697,833522,TRUE,FALSE,English,pokimane
168,Saintone,767837520,250560,23875,3064,146290,117806,TRUE,FALSE,English,Saintone
169,39daph,765335205,128070,20773,5975,1152851,151741,TRUE,FALSE,English,39daph
170,kimdoe,764560155,139695,13938,5473,319169,6801,TRUE,TRUE,Korean,김도 (kimdoe)
171,pokelawls,764107215,118905,24394,6426,1047512,93976,TRUE,TRUE,English,pokelawls
172,dota2ti,761615970,4500,375534,169247,1139910,106159,TRUE,FALSE,English,dota2ti
173,gerardromero,757210020,130980,146872,5781,355947,311846,TRUE,FALSE,Spanish,gerardromero
174,Locklear,753139530,101610,58905,7412,1929870,311519,TRUE,FALSE,French,Locklear
175,TheRealKnossi,752797860,43050,86944,17486,2133945,313116,TRUE,TRUE,German,TheRealKnossi
176,RanbooLive,748768290,23910,159305,31316,4442558,401967,TRUE,FALSE,English,RanbooLive
177,SPYGEA,748081020,117735,60772,6353,554402,96954,TRUE,FALSE,Japanese,SPYGEA
178,BarbarousKing,742047240,226095,25243,3282,189820,17989,TRUE,TRUE,English,BarbarousKing
179,Baiano,736131480,97680,75123,7536,796529,48710,TRUE,TRUE,Portuguese,Baiano
180,sasatikk,730241775,169815,41391,4300,163681,88377,TRUE,FALSE,Japanese,sasatikk
181,rivers_gg,726105000,70095,67309,10358,2209354,2045066,TRUE,FALSE,Spanish,rivers_gg
182,Caedrel,722748825,97290,40670,7428,393152,130601,TRUE,FALSE,English,Caedrel
183,Kyedae,719180985,69315,107583,10375,2013130,873284,TRUE,FALSE,English,Kyedae
184,HisWattson,719085000,167460,21393,4294,443260,419348,TRUE,FALSE,English,HisWattson
185,ShivFPS,715148565,124965,23228,5722,1457235,267313,TRUE,FALSE,English,ShivFPS
186,Swagg,706474935,75405,32610,9369,2123476,188106,TRUE,FALSE,English,Swagg
187,QuickyBaby,700181730,136875,17592,5115,529474,57736,TRUE,FALSE,English,QuickyBaby
188,Topsonous,697472115,65205,21715,10696,504021,269647,TRUE,TRUE,English,Topsonous
189,Otzdarva,695999805,101055,35420,6887,855299,179183,TRUE,FALSE,English,Otzdarva
190,TeePee,694070760,159015,19506,4364,930779,162133,TRUE,TRUE,English,TeePee
191,ZanoXVII,692615865,79875,141840,8671,1614624,269825,TRUE,FALSE,Italian,ZanoXVII
192,ybicanoooobov,687764085,124155,12961,5539,639296,38729,TRUE,FALSE,Russian,ybicanoooobov
193,LLA,680730240,36015,187411,18901,600103,119168,TRUE,FALSE,Spanish,LLA
194,mobilmobil,677725140,113535,13182,5969,520775,33531,TRUE,TRUE,Chinese,老皮 (mobilmobil)
195,fuslie,674487840,59145,55550,11403,1223741,158946,TRUE,FALSE,English,fuslie
196,WestCOL,674461485,44400,145907,15190,1053221,709430,TRUE,FALSE,Spanish,WestCOL
197,Chess,673093845,88725,52335,7586,853589,96481,TRUE,FALSE,English,Chess
198,mistermv,672114120,75315,70183,8924,826658,80629,TRUE,FALSE,French,mistermv
199,Shylily,668902605,137565,26223,4862,966553,940660,TRUE,FALSE,English,Shylily
200,Tectone,668573085,158340,70191,4222,810167,167549,TRUE,FALSE,English,Tectone
201,lestream,664587915,236340,29119,2811,1001003,18109,TRUE,FALSE,French,lestream
202,Brawlhalla,661514595,33345,53340,19838,1802114,325271,TRUE,FALSE,English,Brawlhalla
203,daltoosh,661145835,116730,30181,5663,737954,190034,TRUE,FALSE,English,daltoosh
204,AussieAntics,660252450,176325,39886,3744,887213,249992,TRUE,FALSE,English,AussieAntics
205,ChilledChaos,658347075,101910,11752,6460,427940,48386,TRUE,FALSE,English,ChilledChaos
206,dda_ju,658228605,122490,45571,5373,354287,66308,TRUE,FALSE,Korean,다주 (dda_ju)
207,TFBlade,657814695,144060,20088,4566,1218149,73204,TRUE,FALSE,English,TFBlade
208,NickEh30,657280995,110910,40425,5926,4227541,858690,TRUE,FALSE,English,NickEh30
209,mch_AGG,656926650,476130,53923,1379,590994,165417,TRUE,FALSE,Portuguese,mch_AGG
210,alexelcapo,655636890,71595,86940,9157,1023898,130027,TRUE,FALSE,Spanish,alexelcapo
211,RATIRL,652073805,113190,19904,5760,775912,120823,TRUE,TRUE,English,RATIRL
212,qojqva,651918570,148320,11973,4395,195502,101813,TRUE,FALSE,English,qojqva
213,HusKerrs,651290070,147720,29513,4408,1086319,153426,TRUE,FALSE,English,HusKerrs
214,nokduro,647629755,129360,15582,5006,269081,26381,TRUE,FALSE,Korean,녹두로 (nokduro)
215,IJenz,637991100,513150,5367,1243,722452,537846,TRUE,FALSE,Spanish,IJenz
216,RduLIVE,637746750,156465,10224,4075,301256,18683,TRUE,FALSE,English,RduLIVE
217,Evelone192,637619280,22575,153742,28244,2265498,599265,FALSE,FALSE,Russian,Evelone192
218,Jerma985,637134255,40275,50444,15819,1169369,420131,TRUE,TRUE,English,Jerma985
219,btssmash,634327695,342480,75003,1852,390755,84319,TRUE,FALSE,English,btssmash
220,raderaderader,633169305,72225,39821,8766,385782,125328,TRUE,FALSE,Japanese,らっだぁ (raderaderader)
221,AdmiralBulldog,629811270,140820,14209,4472,780238,21306,TRUE,TRUE,English,AdmiralBulldog
222,Sequisha,629036205,239400,58982,2627,371547,22595,TRUE,FALSE,English,Sequisha
223,singsing,618556710,187860,22946,3292,628426,18076,TRUE,TRUE,English,singsing
224,MYM_ALKAPONE,617144985,126150,17885,4892,1112534,96108,TRUE,FALSE,Spanish,MYM_ALKAPONE
225,obm1025,613438335,133320,17951,4601,815428,189718,TRUE,TRUE,Korean,오킹 (obm1025)
226,mount,612704280,163635,23211,3744,803666,191586,TRUE,FALSE,Portuguese,mount
227,Robleis,611765490,73275,82090,8348,4637497,1797321,TRUE,FALSE,Spanish,Robleis
228,A_Seagull,611034345,87300,148816,6999,1156610,162774,TRUE,TRUE,English,A_Seagull
229,wtcN,610353960,48330,114111,12628,2801989,228952,TRUE,TRUE,Turkish,wtcN
230,nl_Kripp,610238145,132045,23726,4621,1477182,78039,TRUE,FALSE,English,nl_Kripp
231,aXoZer,609853485,112680,522452,5412,2622102,1230211,TRUE,FALSE,Spanish,aXoZer
232,Jackeyy,609728565,76380,28978,7982,356304,209898,TRUE,FALSE,Thai,Jackeyy
233,Tubbo,608808900,34560,87600,17615,4971551,303040,TRUE,FALSE,English,Tubbo
234,xRohat,605861880,107595,29526,5630,663245,281832,TRUE,FALSE,German,xRohat
235,lilpaaaaaa,601055115,77235,38159,7782,236116,196150,TRUE,FALSE,Korean,릴파_ (lilpaaaaaa)
236,n3koglai,599586195,9420,543743,63650,2413377,2105198,TRUE,TRUE,Russian,n3koglai
237,ClassyBeef,597610935,263355,6096,2269,267442,59170,FALSE,TRUE,English,ClassyBeef
238,runthefutmarket,597058380,97935,36826,6096,716278,188770,TRUE,FALSE,English,runthefutmarket
239,viichan6,593893290,84870,19281,6997,219236,185362,TRUE,TRUE,Korean,비챤_ (viichan6)
240,UberHaxorNova,593829870,155340,11994,3822,546250,43877,TRUE,FALSE,English,UberHaxorNova
241,Hype,592910115,61410,24905,9654,583114,114599,TRUE,TRUE,Turkish,Hype
242,VALORANT_BR,590921370,43125,150096,13702,534397,232106,TRUE,FALSE,Portuguese,VALORANT_BR
243,godjj,587899020,127095,12232,4625,364337,8076,TRUE,FALSE,Chinese,接接 (godjj)
244,Mande,582413940,164850,11424,3532,374530,208168,TRUE,FALSE,English,Mande
245,Echo_Esports,582331440,28035,163120,20771,208238,72067,TRUE,FALSE,English,Echo_Esports
246,HITBOXKING,581437755,157920,36918,3681,470132,237130,TRUE,FALSE,Spanish,HITBOXKING
247,Halo,579914520,32895,173368,17629,699177,310365,TRUE,FALSE,English,Halo
248,GamerBrother,578229180,49065,76709,11784,386292,330864,TRUE,FALSE,German,GamerBrother
249,Glorious_E,573587175,189480,41297,3027,215349,109408,TRUE,TRUE,English,Glorious_E
250,Northernlion,571785645,70455,13783,8115,590990,96757,TRUE,FALSE,English,Northernlion
251,vo_ine,571411650,60720,29435,9410,248310,212395,TRUE,FALSE,Korean,아이네_ (vo_ine)
252,dmf_kyochan,571112550,250395,16543,2280,223486,68423,TRUE,FALSE,Japanese,恭一郎 (dmf_kyochan)
253,CDawgVA,570846450,54180,31802,10536,892535,356486,TRUE,FALSE,English,CDawgVA
254,Gladd,569932035,203475,69521,2800,503421,53371,TRUE,FALSE,English,Gladd
255,Carreraaa,569809245,46425,43252,12273,2884366,1979617,TRUE,FALSE,Spanish,Carreraaa
256,paradeev1ch,568090995,39105,81966,14527,1257176,995545,TRUE,TRUE,Russian,paradeev1ch
257,supertf,566743695,141300,45184,4010,546265,153006,TRUE,FALSE,English,supertf
258,Shlorox,564885060,129765,21756,4353,401081,21468,TRUE,FALSE,German,Shlorox
259,lolpacifictw,563117790,37170,123097,15149,225733,37585,TRUE,FALSE,Chinese,lolpacifictw
260,Jolavanille,561891345,155625,16585,3610,367510,134486,TRUE,FALSE,French,Jolavanille
261,Carola,560514375,102540,69680,5466,1353565,675701,TRUE,FALSE,Spanish,Carola
262,ungespielt,556679820,134565,21914,4136,1440136,359591,TRUE,FALSE,German,ungespielt
263,Ray__C,555901800,178905,19450,3107,516489,103130,TRUE,FALSE,English,Ray__C
264,vysotzky,555774435,65925,50297,8430,330754,132258,TRUE,FALSE,Polish,vysotzky
265,Dota2RuHub,555172455,126180,110155,4399,961272,41686,TRUE,FALSE,Russian,Dota2RuHub
266,SuperBusS_,552484815,83550,39799,6612,242415,144877,TRUE,FALSE,Thai,SuperBusS_
267,s0mcs,551906460,100215,22043,5507,762303,360481,TRUE,FALSE,English,s0mcs
268,betboom_ru,551326380,26235,116495,21014,202787,132621,TRUE,FALSE,Russian,betboom_ru
269,TheRealMarzaa,547969410,124140,28340,4414,1174997,244133,TRUE,FALSE,Italian,TheRealMarzaa
270,Subroza,546940725,97650,16402,5601,880789,293779,TRUE,FALSE,English,Subroza
271,blusewilly_retry,546815865,112185,15889,4874,433215,21320,TRUE,FALSE,Chinese,餐餐自由配 (blusewilly_retry)
272,GTAWiseGuy,542014170,126450,14949,4286,324629,76519,TRUE,TRUE,English,GTAWiseGuy
273,zrush,541068780,147510,8229,3668,245605,23108,TRUE,TRUE,Chinese,嬌兔 (zrush)
274,Zoomaa,539159385,162255,30301,3322,280913,75842,TRUE,FALSE,English,Zoomaa
275,DeuceAce,535644900,110775,32930,4835,254919,59833,FALSE,TRUE,English,DeuceAce
276,DatModz,535604895,217575,22824,2461,371525,64154,TRUE,FALSE,English,DatModz
277,Bichouu_,534387000,94395,25825,5661,695302,173483,TRUE,TRUE,French,Bichouu_
278,Grubby,534116220,181620,10714,2940,557731,91899,TRUE,FALSE,English,Grubby
279,WHOPLOHOYPAREN,533023845,52785,87478,10098,783723,710802,TRUE,FALSE,Russian,WHOPLOHOYPAREN
280,SolaryFortnite,531861780,487620,20117,1090,2084317,211604,TRUE,FALSE,French,SolaryFortnite
281,yapyap30,531022965,91755,27437,5787,327235,7376,TRUE,FALSE,Korean,얍얍 (yapyap30)
282,davooxeneize,530106915,86985,36738,6094,582623,527760,TRUE,FALSE,Spanish,davooxeneize
283,ElChiringuitoTV,529048545,143925,57108,3675,821019,291145,TRUE,FALSE,Spanish,ElChiringuitoTV
284,DarioMocciaTwitch,528982890,107340,25971,4928,407100,89247,TRUE,FALSE,Italian,DarioMocciaTwitch
285,DansGaming,526538880,174480,29310,3017,832342,3574,TRUE,FALSE,English,DansGaming
286,Philza,523038330,49560,61791,10553,4130797,366947,TRUE,TRUE,English,Philza
287,pizfn,520857195,179130,24961,2907,611622,170125,TRUE,FALSE,Italian,pizfn
288,LVPes2,519948180,70530,44903,7372,501463,124667,TRUE,FALSE,Spanish,LVPes2
289,PietSmiet,517688730,80670,86437,6417,764986,55525,TRUE,FALSE,German,PietSmiet
290,Mixwell,517190910,51120,87546,10117,919076,261464,TRUE,FALSE,Spanish,Mixwell
291,skill4ltu,514372890,138660,15912,3709,253368,59493,TRUE,TRUE,English,skill4ltu
292,BastiGHG,513699105,140730,20888,3650,1195318,220753,TRUE,FALSE,German,BastiGHG
293,Dkayed,513143955,75555,21147,6791,193289,60583,TRUE,FALSE,English,Dkayed
294,Dmitry_Lixxx,511891830,81135,31463,6309,1123971,447050,TRUE,FALSE,Russian,Dmitry_Lixxx
295,JokerdTV,511863840,177600,26021,2882,263056,41827,TRUE,FALSE,English,JokerdTV
296,KendineMuzisyen,510468750,46005,43008,11095,2477380,260689,TRUE,FALSE,Turkish,KendineMuzisyen
297,richwcampbell,509329770,69270,71463,7352,608103,184402,TRUE,FALSE,English,richwcampbell
298,Thijs,509228595,112245,16674,4536,787981,10906,TRUE,FALSE,English,Thijs
299,bbbb87,509163000,117435,21145,4335,128741,48356,TRUE,TRUE,Chinese,世誠 (bbbb87)
300,Chap_GG,508301730,103860,42505,4894,248210,176220,TRUE,FALSE,French,Chap_GG
301,robcdee,506688480,169290,14876,2993,270726,63586,TRUE,FALSE,English,robcdee
302,Rakin,506274150,152370,39281,3322,1602654,98753,TRUE,FALSE,Portuguese,Rakin
303,C_a_k_e,505497300,125220,43277,4036,350858,23912,TRUE,FALSE,Russian,C_a_k_e
304,RiotGamesJP,503630895,50730,75459,9927,264186,43106,TRUE,FALSE,Japanese,RiotGamesJP
305,FolagorLives,502579455,149040,21919,3372,1516406,166650,TRUE,FALSE,Spanish,FolagorLives
306,PROD,500648460,147975,14167,3383,624359,610417,TRUE,FALSE,English,PROD
307,Agraelus,498845130,121440,14439,4107,612317,45605,TRUE,TRUE,Czech,Agraelus
308,QuackityToo,498549000,12795,120532,38964,3208571,1753149,TRUE,FALSE,Spanish,QuackityToo
309,Edwin_live,495127350,69270,27292,7147,361281,204592,TRUE,FALSE,Thai,Edwin_live
310,SummonersInnLive,494289240,99015,37020,4992,579487,21059,TRUE,FALSE,German,SummonersInnLive
311,Tonton,493570290,133695,43194,3691,439286,122895,TRUE,FALSE,French,Tonton
312,Real_Bazzi,492734595,113235,19760,4351,284308,47392,FALSE,TRUE,German,Real_Bazzi
313,H2P_Gucio,490870110,135765,10992,3615,309724,42475,TRUE,FALSE,Polish,H2P_Gucio
314,LyonWGFLive,490707300,33360,43002,14709,895401,206289,TRUE,FALSE,Italian,LyonWGFLive
315,Enviosity,489905325,137340,31320,3567,735950,164454,TRUE,FALSE,English,Enviosity
316,Stoopzz,488711730,120795,23521,4045,167714,127089,TRUE,FALSE,English,Stoopzz
317,NiceWigg,488114910,129330,71033,3774,638485,170951,TRUE,FALSE,English,NiceWigg
318,runner0608,487011465,124935,20253,3898,256938,22384,TRUE,FALSE,Korean,러너교 (runner0608)
319,Altair,486213975,165120,11981,2944,89955,21583,TRUE,FALSE,French,Altair
320,sneakylol,484889535,239985,26048,2020,1762613,31982,TRUE,FALSE,English,sneakylol
321,Reborn_Live,483187950,108135,56062,4468,2319792,582092,TRUE,FALSE,Spanish,Reborn_Live
322,jingburger,480282330,89400,17857,5372,210151,171902,TRUE,FALSE,Korean,징버거 (jingburger)
323,Staiy,479948610,113535,16728,4227,311282,38215,TRUE,FALSE,German,Staiy
324,LenaGol0vach,477376875,86160,17104,5540,379163,77549,TRUE,FALSE,Russian,LenaGol0vach
325,koil,476026860,130575,20505,3645,544819,62604,TRUE,TRUE,English,koil
326,coscu,474819255,63420,317576,7486,3638139,425938,TRUE,TRUE,Spanish,coscu
327,Emiru,473918910,35730,51303,13263,1112669,497442,TRUE,FALSE,English,Emiru
328,goncho,473371080,91710,62766,5161,1104873,138598,TRUE,TRUE,Spanish,goncho
329,kr1stw,471494505,135480,10935,3480,56474,20154,TRUE,TRUE,Chinese,狂暴西南2 (kr1stw)
330,SidneyEweka,470975130,97275,19763,4841,746460,283508,TRUE,FALSE,German,SidneyEweka
331,CriticalRole,467233605,17040,70601,27419,1172219,171324,TRUE,FALSE,English,CriticalRole
332,Jankos,466367805,48390,28134,9637,1250485,153486,TRUE,FALSE,English,Jankos
333,Pauleta_Twitch,466001115,49680,40214,9380,442099,156873,TRUE,FALSE,French,Pauleta_Twitch
334,Uzra,464010000,229905,14226,2018,230300,9609,TRUE,FALSE,Chinese,Uzra
335,Silent,463475850,150075,17136,3088,233709,52133,TRUE,TRUE,English,Silent
336,kyo1984123,461832375,249225,12609,1853,170521,5838,TRUE,TRUE,Chinese,kyo1984123
337,iLame,461584425,217065,9322,2126,358989,48897,TRUE,TRUE,Russian,iLame
338,koreshzy,460176000,34290,79535,13420,1206278,909591,TRUE,TRUE,Russian,koreshzy
339,Punz,459566910,86235,25453,5329,1443061,122757,TRUE,FALSE,English,Punz
340,fl0m,458511855,195195,10965,2348,772079,43258,TRUE,FALSE,English,fl0m
341,Sommerset,457849710,167160,26060,2738,1342157,564210,TRUE,FALSE,English,Sommerset
342,YoungMulti,457606515,50130,33342,9128,740788,441625,TRUE,FALSE,Polish,YoungMulti
343,Scurrows,456642810,91755,13003,4976,183632,60705,FALSE,TRUE,German,Scurrows
344,cloakzy,456122010,79650,28819,5726,2830566,108169,TRUE,FALSE,English,cloakzy
345,IamCristinini,455706150,96255,34097,4734,3171713,535598,TRUE,FALSE,Spanish,IamCristinini
346,midbeast,455084655,111030,18732,4098,749393,120069,TRUE,FALSE,English,midbeast
347,Hiko,453848250,67110,23417,6762,1757775,140559,TRUE,FALSE,English,Hiko
348,Zizaran,452629440,178425,31625,2536,371306,25694,TRUE,FALSE,English,Zizaran
349,pacific8815,451662885,97020,19506,4655,227773,12292,TRUE,FALSE,Korean,쌍베 (pacific8815)
350,yukiofps14,449205120,117540,31289,3821,144271,109302,TRUE,FALSE,Japanese,ゆきお2 (yukiofps14)
351,AriGameplays,448320570,61545,128471,7284,5278572,2501730,TRUE,FALSE,Spanish,AriGameplays
352,Sologesang,448312275,198960,10928,2253,138643,36953,TRUE,FALSE,German,Sologesang
353,aba4647,446829420,37410,36613,11944,563626,106923,TRUE,FALSE,Korean,랄로 (aba4647)
354,Moonryde,446563365,151245,20216,2952,611990,83023,TRUE,FALSE,Italian,Moonryde
355,JustCooman,446384760,100830,14427,4427,313262,89248,TRUE,FALSE,Russian,JustCooman
356,Shotz,445834590,140280,9892,3178,331415,63507,TRUE,TRUE,English,Shotz
357,GernaderJake,445144620,142740,23078,3118,466052,69027,TRUE,FALSE,English,GernaderJake
358,MuTeX,444397110,200820,9090,2212,867993,102271,TRUE,TRUE,English,MuTeX
359,jdm2088,444294195,58260,47847,7626,360610,26453,TRUE,FALSE,Korean,악어 (jdm2088)
360,TolkinLoL,442837185,133365,31337,3320,225033,70232,TRUE,FALSE,German,TolkinLoL
361,2chamcham2,442246215,101445,14414,4359,601589,38117,TRUE,FALSE,Korean,탬탬버린 (2chamcham2)
362,playapex,439863660,12855,213219,34217,928248,385513,TRUE,FALSE,English,playapex
363,Rogue,439854780,121095,16908,3632,783456,120606,TRUE,FALSE,English,Rogue
364,BobRoss,438862980,238860,14705,1837,2050268,56045,TRUE,FALSE,English,BobRoss
365,dwjft,438425280,86085,51846,5092,254782,75411,TRUE,TRUE,English,dwjft
366,jinu6734,437261130,119175,9494,3669,330130,10934,FALSE,FALSE,Korean,김진우 (jinu6734)
367,melharucos,437134665,129465,15635,3376,406283,22033,TRUE,TRUE,Russian,melharucos
368,Mathil1,435959640,146190,18028,2982,354815,11757,TRUE,FALSE,English,Mathil1
369,GRPZDC,434479965,110130,23519,3945,99550,63487,TRUE,TRUE,Russian,GRPZDC
370,Eray,434220450,70290,30042,6177,736840,305111,TRUE,TRUE,Turkish,Eray
371,Nissaxter,433398360,92610,14440,4679,646267,232791,TRUE,FALSE,Spanish,Nissaxter
372,WePlayCSGO_EEU,430774005,52470,223542,8209,513152,-3622,TRUE,FALSE,Ukrainian,WePlayCSGO_EEU
373,NiklasWilson,430276185,93210,26307,4616,609583,304706,TRUE,FALSE,German,NiklasWilson
374,Mynthos,429978990,121755,19776,3531,230706,110431,TRUE,TRUE,French,Mynthos
375,ale_apoka,429494880,385005,25412,1115,271462,162756,TRUE,TRUE,Portuguese,ale_apoka
376,ReventXz,428867085,122550,93336,3499,910014,83355,TRUE,FALSE,Spanish,ReventXz
377,SmallAnt,428027745,74040,21890,5781,1215597,283394,TRUE,FALSE,English,SmallAnt
378,Ac7ionMan,425153745,226830,15519,1874,671062,268658,TRUE,TRUE,English,Ac7ionMan
379,imaqtpie,423960285,176415,12274,2403,2598775,-20139,TRUE,FALSE,English,imaqtpie
380,mL7support,423531555,106650,101562,3971,660843,210346,TRUE,FALSE,English,mL7support
381,Shaunz,423512670,80880,28481,5236,263652,47472,TRUE,FALSE,French,Shaunz
382,Freneh,422544555,98520,27339,4288,465235,128826,TRUE,FALSE,Italian,Freneh
383,Wirtual,420651510,69645,27699,6039,327438,146809,TRUE,FALSE,English,Wirtual
384,StreamerHouse,420546210,516420,22095,814,772753,27663,TRUE,FALSE,English,StreamerHouse
385,Wolfabelle,419747085,188400,8851,2227,288510,55574,TRUE,FALSE,English,Wolfabelle
386,frttt,418336275,212025,10102,1973,398173,197991,TRUE,FALSE,Portuguese,frttt
387,agurin,415908405,150420,26072,2764,221458,63499,TRUE,FALSE,German,agurin
388,Joueur_du_Grenier,415885545,41010,40105,10141,854564,136288,TRUE,FALSE,French,Joueur_du_Grenier
389,ELoTRiX,415836735,65835,38094,6316,1497513,163804,TRUE,TRUE,German,ELoTRiX
390,gosegugosegu,415258560,70065,24526,5926,233901,191702,TRUE,FALSE,Korean,고세구___ (gosegugosegu)
391,egorkreed,415068120,30690,56996,13524,1101669,547017,TRUE,FALSE,Russian,egorkreed
392,fifakillvizualz,413686725,182085,26510,2271,398533,142246,TRUE,FALSE,English,fifakillvizualz
393,POW3R,412325310,170505,24591,2418,1915055,176514,TRUE,FALSE,Italian,POW3R
394,Pieface23,411739455,102750,19675,4007,810061,171847,TRUE,FALSE,English,Pieface23
395,SkipNhO,411596325,139335,14471,2954,1246343,50496,TRUE,FALSE,Portuguese,SkipNhO
396,cotton__123,411487395,70305,35570,5852,211022,165505,TRUE,FALSE,Korean,주르르 (cotton__123)
397,ses836,408417195,144000,14169,2836,173688,24464,TRUE,FALSE,Korean,인간젤리 (ses836)
398,imls,407967990,78915,26866,5169,640488,77984,TRUE,FALSE,English,imls
399,Taspio,406798080,96690,15626,4207,618198,244552,TRUE,TRUE,Portuguese,Taspio
400,shxtou,406059030,59325,34406,6844,908402,871484,TRUE,FALSE,English,shxtou
401,Diegosaurs,405883050,93165,19080,4356,683548,45442,TRUE,FALSE,English,Diegosaurs
402,Emongg,404445315,155085,50604,2607,775261,138261,TRUE,FALSE,English,Emongg
403,Grendy,403765335,105645,10222,3821,142543,71904,TRUE,FALSE,Polish,Grendy
404,Im_Dontai,402314355,62820,18393,6404,1667523,401932,TRUE,FALSE,English,Im_Dontai
405,Insym,400848435,92505,15566,4333,404654,175588,TRUE,FALSE,English,Insym
406,lol_nemesis,400167210,132780,24610,3013,609577,84768,TRUE,FALSE,English,lol_nemesis
407,VGBootCamp,400144155,114690,76058,3488,623439,56267,TRUE,FALSE,English,VGBootCamp
408,IWDominate,399782220,84075,24304,4755,847942,16350,TRUE,FALSE,English,IWDominate
409,xth0rek,399642285,93660,11443,4266,256008,37824,TRUE,FALSE,Polish,xth0rek
410,PGL_DOTA2EN2,399064155,17910,95710,22281,162693,129262,TRUE,FALSE,English,PGL_DOTA2EN2
411,erobb221,398475705,95445,34103,4174,423308,81584,TRUE,FALSE,English,erobb221
412,aldo_geo,398033970,74010,31570,5378,977318,592733,TRUE,FALSE,Spanish,aldo_geo
413,superjj102,397281105,147255,10973,2697,153406,12857,TRUE,FALSE,English,superjj102
414,LeekBeats,395773740,394560,61073,1003,54910,35476,FALSE,FALSE,English,LeekBeats
415,ohnePixel,395477955,121500,21041,3254,250786,170503,TRUE,FALSE,English,ohnePixel
416,Whippy,395100915,119670,17506,3301,489389,78999,TRUE,TRUE,English,Whippy
417,Drututt,393640485,79485,12200,4952,378879,148416,TRUE,FALSE,English,Drututt
418,rooftopcat99,392713080,111420,12038,3524,313595,36021,TRUE,TRUE,Korean,옥냥이 (rooftopcat99)
419,jbzzed,392425395,104100,18966,3769,505657,151069,TRUE,FALSE,French,jbzzed
420,Blaustoise,391735125,124455,25709,3147,401377,120402,TRUE,FALSE,English,Blaustoise
421,CasinoDaddy,391093905,275205,3642,1421,176527,14020,FALSE,TRUE,English,CasinoDaddy
422,xTheSolutionTV,390273750,144090,23339,2708,613226,129478,TRUE,FALSE,German,xTheSolutionTV
423,Jelty,389872080,76095,46564,5123,2896997,345316,TRUE,FALSE,Spanish,Jelty
424,DuendePablo,388791240,129405,14616,3004,927585,91141,TRUE,FALSE,Spanish,DuendePablo
425,biyin_,388768965,44400,53064,8756,2974709,805338,TRUE,FALSE,Spanish,biyin_
426,jungtaejune,385470915,176880,10619,2179,145438,5649,TRUE,TRUE,Korean,똘똘똘이_ (jungtaejune)
427,Steelmage,385025310,135465,27882,2842,132187,17344,TRUE,FALSE,English,Steelmage
428,QTCinderella,384477285,64890,381436,5925,811028,269313,TRUE,FALSE,English,QTCinderella
429,relaxing234,383883195,64365,56011,5964,454759,50019,TRUE,FALSE,Chinese,relaxing234
430,MarineMammalRescue,382488870,517305,6356,739,257951,57363,TRUE,FALSE,English,MarineMammalRescue
431,winline_d2cl,381997875,51690,72891,7390,256979,68661,TRUE,FALSE,Russian,winline_d2cl
432,muse_tw,380438550,505485,6851,752,226386,28600,TRUE,FALSE,Chinese,木棉花官方頻道 (muse_tw)
433,PrimeLeague,380044095,43200,78016,8797,198972,75820,TRUE,FALSE,German,PrimeLeague
434,Xposed,379455780,99060,17664,3830,534764,115052,TRUE,TRUE,English,Xposed
435,liminhag0d,378801015,311550,59918,1215,567831,90261,TRUE,TRUE,Portuguese,liminhag0d
436,Xiuder_,378300015,215385,11973,1756,984182,262376,TRUE,FALSE,Italian,Xiuder_
437,Scarra,377816115,136365,30140,2770,1595073,84840,TRUE,FALSE,English,Scarra
438,SkyrrozTV,376973010,114930,26882,3280,1068783,125491,TRUE,FALSE,French,SkyrrozTV
439,Deadlyslob,376826895,127920,55016,2945,394160,27115,TRUE,FALSE,English,Deadlyslob
440,maxim,375411195,112365,10038,3340,452151,42698,TRUE,TRUE,German,maxim
441,Yassuo,374583105,84840,11041,4415,1997489,-23766,TRUE,FALSE,English,Yassuo
442,dafran,374200335,107355,47608,3485,805169,114253,TRUE,FALSE,English,dafran
443,veibae,373600980,40845,37876,9146,977404,339635,TRUE,TRUE,English,veibae
444,roflgator,372110445,103635,18566,3590,300404,57961,TRUE,TRUE,English,roflgator
445,dogdog,370634370,90240,14969,4107,633280,-160,TRUE,FALSE,English,dogdog
446,CDNThe3rd,370006590,145455,41602,2543,2027360,10863,TRUE,FALSE,English,CDNThe3rd
447,LACOBRAAA,369625155,107355,39284,3443,277840,197029,TRUE,FALSE,Spanish,LACOBRAAA
448,Euriece,369541230,178005,22234,2076,314447,47479,TRUE,FALSE,Japanese,Euriece
449,WillerZ,368118285,164685,99825,2235,278291,79695,TRUE,TRUE,English,WillerZ
450,Conterstine,367876590,128745,62851,2857,1080571,368077,TRUE,FALSE,Spanish,Conterstine
451,ElmiilloR,367860570,74415,29337,4943,793840,29900,TRUE,FALSE,Spanish,ElmiilloR
452,et_1231,366605520,137640,7811,2663,341159,100209,TRUE,FALSE,Chinese,依渟 (et_1231)
453,Kitboga,366209490,46620,13879,7855,1148669,116378,TRUE,FALSE,English,Kitboga
454,leechunhyang,366135570,185700,11249,1971,251688,26855,TRUE,FALSE,Korean,이춘향 (leechunhyang)
455,nodolly,365914815,148830,19147,2458,240889,54243,FALSE,FALSE,Korean,노돌리 (nodolly)
456,GrenBaud,365175120,38310,32448,9532,853910,226183,TRUE,TRUE,Italian,GrenBaud
457,Staryuuki,364840755,94065,18514,3878,2798219,586961,TRUE,FALSE,Spanish,Staryuuki
458,pisicela,363602220,169305,7945,2147,176984,58638,TRUE,FALSE,Polish,pisicela
459,Alexby11,361898520,66060,73607,5478,3249739,458885,TRUE,FALSE,Spanish,Alexby11
460,RealzBlueWater,361444905,202530,4922,1784,115934,57673,TRUE,FALSE,English,RealzBlueWater
461,adolfz,361145985,71640,22020,5041,610708,135886,TRUE,TRUE,Portuguese,adolfz
462,iateyourpie,359813235,161325,10736,2230,144925,15897,TRUE,FALSE,English,iateyourpie
463,follentass,358756680,104070,25009,3447,315452,98470,TRUE,TRUE,Russian,follentass
464,jukes,355470240,86265,17236,4120,1779308,98306,TRUE,TRUE,Portuguese,jukes
465,hitsquadgodfather,353787630,276270,3563,1280,99699,75270,FALSE,FALSE,English,hitsquadgodfather
466,masondota2,353483775,78660,11258,4493,227234,29002,TRUE,TRUE,English,masondota2
467,bysTaXx,349277055,52650,141191,6633,2082653,528958,TRUE,FALSE,Spanish,bysTaXx
468,naseongkim,347480070,209490,8693,1658,137029,6170,TRUE,FALSE,Korean,김나성 (naseongkim)
469,PaymoneyWubby,347454825,25245,25995,13763,580447,65618,TRUE,FALSE,English,PaymoneyWubby
470,RevedTV,347271240,63405,22122,5477,913609,123062,TRUE,FALSE,German,RevedTV
471,Levo,347067990,85290,15569,4069,764364,127052,TRUE,TRUE,Turkish,Levo
472,Payo,346155720,160980,11998,2150,274093,28230,TRUE,FALSE,English,Payo
473,aXtLOL,345767085,153870,12457,2247,879548,24579,TRUE,FALSE,Portuguese,aXtLOL
474,restiafps,345610395,127500,20609,2710,188678,81676,TRUE,FALSE,Chinese,restiafps
475,DiazBiffle,345366210,67200,33503,5139,555795,131062,TRUE,FALSE,English,DiazBiffle
476,its_iron,343749990,91050,8305,3775,542533,47671,TRUE,TRUE,English,its_iron
477,TwitchRivals,343619790,31470,183110,10918,2251431,297319,TRUE,FALSE,English,TwitchRivals
478,ElZeein,343447080,68280,18648,5029,226045,148090,TRUE,FALSE,Spanish,ElZeein
479,Ranger,343237950,179940,11742,1907,1121704,446667,TRUE,FALSE,English,Ranger
480,1PVCS,343236480,178065,23391,1927,134468,30109,TRUE,FALSE,French,1PVCS
481,dota2ti_ru,343220565,4515,285536,76017,882375,46331,TRUE,FALSE,Russian,dota2ti_ru
482,IsVolcano,342890505,121035,28419,2832,142892,75091,TRUE,FALSE,Spanish,IsVolcano
483,Werlyb,342446835,66165,37802,5175,733409,123399,TRUE,FALSE,Spanish,Werlyb
484,Dropped,342193875,140880,11679,2428,304241,125574,TRUE,TRUE,English,Dropped
485,GingiTV,340810110,83775,19317,4068,300924,33745,TRUE,TRUE,English,GingiTV
486,Shisheyu_Mayamoto,340781580,104250,11169,3268,107138,30090,TRUE,FALSE,French,Shisheyu_Mayamoto
487,DreadzTV,340772385,110100,12601,3095,688757,4288,TRUE,FALSE,Russian,DreadzTV
488,HutchMF,339655275,202500,31191,1677,271356,57851,TRUE,TRUE,English,HutchMF
489,Smoke,339017235,79320,22388,4274,280729,36967,TRUE,FALSE,English,Smoke
490,TeamLiquid,337893330,55515,32518,6086,172568,79059,TRUE,FALSE,English,TeamLiquid
491,Zentreya,337632960,91245,25817,3700,379559,125680,TRUE,FALSE,English,Zentreya
492,LosPollosTV,337383690,55455,20451,6083,685113,50672,TRUE,FALSE,English,LosPollosTV
493,Sacriel,337001880,152475,17446,2210,712827,1591,TRUE,FALSE,English,Sacriel
494,Putupau,336407685,135690,20181,2479,363426,138779,TRUE,FALSE,Spanish,Putupau
495,IzakOOO,336229140,114330,55986,2940,1819886,165690,TRUE,FALSE,Polish,IzakOOO
496,SharonQueen,335640045,431760,3336,777,446987,313053,TRUE,TRUE,English,SharonQueen
497,CoconutB,335395875,114390,35659,2932,405722,42772,TRUE,TRUE,English,CoconutB
498,paka9999,335256195,56130,14326,5972,411798,62725,TRUE,FALSE,Korean,파카9999 (paka9999)
499,tvandeR,334199340,72825,60454,4589,539634,99164,TRUE,FALSE,Spanish,tvandeR
500,ESAMarathon,333883395,333150,35096,1002,281302,16848,TRUE,FALSE,English,ESAMarathon
501,shadowkekw,333631140,30840,34509,10818,343311,183380,TRUE,FALSE,Russian,shadowkekw
502,Mithrain,333482700,85605,42563,3895,1667130,129525,TRUE,FALSE,Turkish,Mithrain
503,RybsonLoL_,333388095,161775,14529,2060,246856,67196,TRUE,FALSE,Polish,RybsonLoL_
504,failverde,332448975,175380,13519,1895,250834,32392,TRUE,FALSE,Chinese,懶貓 (failverde)
505,karchez,331410420,68655,53747,4827,1366323,693783,TRUE,FALSE,Spanish,karchez
506,resttpowered,330792030,135975,11546,2432,350648,25020,TRUE,FALSE,Slovak,resttpowered
507,REVENANT,330045990,113760,12921,2901,425505,24426,TRUE,FALSE,Spanish,REVENANT
508,gearbaby1010,329946060,120570,20543,2736,263248,36033,TRUE,FALSE,Chinese,花輪同學 (gearbaby1010)
509,Odablock,329930325,152115,37271,2168,268080,59062,TRUE,FALSE,English,Odablock
510,guit88man,329347155,156720,10737,2101,160956,8285,TRUE,FALSE,Russian,guit88man
511,GaleguiNS,328447890,67875,46026,4839,405909,231124,TRUE,FALSE,Portuguese,GaleguiNS
512,deepins02,327806100,21840,126995,15009,1465032,1456176,TRUE,FALSE,Russian,deepins02
513,hJune,327381375,79785,88549,4103,572507,94651,TRUE,TRUE,English,hJune
514,KYR_SP33DY,326539455,119850,11762,2724,812673,38622,TRUE,FALSE,English,KYR_SP33DY
515,BTSBrasilTV,325672515,516135,13714,630,232172,12577,TRUE,FALSE,Portuguese,BTSBrasilTV
516,Deansocool,325592040,172110,14485,1891,272449,66291,TRUE,FALSE,English,Deansocool
517,LuluLuvely,324862140,84720,27037,3834,1322826,174771,TRUE,FALSE,English,LuluLuvely
518,BreitenVonBerg,324585255,177435,15362,1829,155483,77976,TRUE,FALSE,German,BreitenVonBerg
519,TpaBoMaH,324581100,96885,21712,3350,479352,152292,TRUE,FALSE,Russian,TpaBoMaH
520,Faide,324029415,65355,12369,4957,699619,347150,TRUE,FALSE,English,Faide
521,Preachlfw,323435085,97545,16546,3315,295125,36160,TRUE,TRUE,English,Preachlfw
522,TheRunningManZ,322650705,101715,10645,3172,285735,59552,TRUE,FALSE,English,TheRunningManZ
523,xargon0731,322497300,170265,12706,1894,322416,16144,TRUE,FALSE,Chinese,殺梗 (xargon0731)
524,pqueen,322222725,60450,30934,5330,2108106,327688,TRUE,FALSE,Turkish,pqueen
525,Aurateur,321904515,164010,4308,1962,163978,9436,TRUE,TRUE,English,Aurateur
526,Giantwaffle,321212115,158745,4728,2023,857506,-7999,TRUE,FALSE,English,Giantwaffle
527,sweetcampercs,319614690,129630,10207,2465,281329,45973,TRUE,TRUE,Chinese,龜狗 (sweetcampercs)
528,AgustinUnaplay8,319564650,50295,16451,6353,167958,132443,TRUE,FALSE,Spanish,AgustinUnaplay8
529,NeVeR_LosEs,319009065,84405,11156,3779,261747,19514,TRUE,FALSE,Chinese,NeVeR_LosEs
530,polispol1,316100400,124065,47586,2547,993668,613402,TRUE,FALSE,Spanish,polispol1
531,TisiSchubech,315928755,39270,62418,8045,307110,208390,TRUE,FALSE,German,TisiSchubech
532,Fanum,315641940,48165,25058,6553,717862,457237,TRUE,FALSE,English,Fanum
533,blackelespanolito,315398805,112560,41836,2802,832566,247532,TRUE,FALSE,Spanish,blackelespanolito
534,Ssaab,314744040,153150,21843,2055,355002,62557,TRUE,FALSE,English,Ssaab
535,cyr,314416395,68925,41940,4561,584142,109603,TRUE,TRUE,English,cyr
536,CCT_EN,314247435,109935,47042,2858,296234,96007,TRUE,FALSE,English,CCT_EN
537,EASPORTSFIFA,314205945,23640,113557,13291,2751810,485972,TRUE,FALSE,English,EASPORTSFIFA
538,JoeWo,314138970,134520,8707,2335,687079,187341,TRUE,FALSE,English,JoeWo
539,PUBG_BATTLEGROUNDS,314044650,41565,32547,7555,1058495,111406,TRUE,FALSE,English,PUBG_BATTLEGROUNDS
540,Perxitaa,312592095,66945,30198,4669,2308494,304569,TRUE,FALSE,Spanish,Perxitaa
541,slrabbit99,312508245,272415,3773,1147,109649,1574,TRUE,FALSE,Chinese,貝克 (slrabbit99)
542,Yogscast,312230070,327570,38629,953,947740,11802,TRUE,FALSE,English,Yogscast
543,portialyn,312098340,169755,11491,1838,106087,28988,TRUE,FALSE,Korean,포셔 (portialyn)
544,BlackUFA,311892180,86235,7106,3616,338343,34287,TRUE,FALSE,Russian,BlackUFA
545,qttsix,311648730,194565,16272,1601,174053,31334,TRUE,FALSE,Chinese,六希夫 (qttsix)
546,Agustabell212,310344480,121425,30887,2555,162372,52019,TRUE,FALSE,Spanish,Agustabell212
547,FrankDimes,309346215,111810,23075,2766,63945,58957,FALSE,TRUE,English,FrankDimes
548,AkumaGirrl,308996865,516480,1877,598,383399,144060,TRUE,FALSE,Spanish,AkumaGirrl
549,Knut,308661840,199890,53655,1544,371099,206750,TRUE,FALSE,English,Knut
550,RoyalPhunk,308158455,104850,12540,2939,259537,18189,TRUE,TRUE,German,RoyalPhunk
551,FPSThailand,307646895,136935,32355,2246,541252,48024,TRUE,FALSE,Thai,FPSThailand
552,Kaydop,307337475,67575,12008,4548,684288,78023,TRUE,FALSE,French,Kaydop
553,vodkavdk,307313160,102435,31541,3000,275963,229245,TRUE,FALSE,Japanese,ボドカさん (vodkavdk)
554,MOTHER3rd,306358875,155475,54837,1970,177939,155808,TRUE,FALSE,Japanese,MOTHER3rd
555,Becca,306261765,155115,11556,1974,418981,26121,TRUE,FALSE,English,Becca
556,B0aty,305613855,79995,26973,3820,563919,16444,TRUE,TRUE,English,B0aty
557,JRKZ,304368270,79095,19115,3848,648336,75337,TRUE,TRUE,Turkish,JRKZ
558,inecr7024,303535215,125565,29855,2417,215632,62278,TRUE,FALSE,Korean,삼식 (inecr7024)
559,ZilverK,303241005,86580,40010,3502,1732208,1287109,TRUE,FALSE,Spanish,ZilverK
560,WARDELL,303215250,89745,16170,3378,1127495,199049,TRUE,TRUE,English,WARDELL
561,Franio,303189495,76785,33621,3948,297427,235734,TRUE,FALSE,Polish,Franio
562,sutanmi,302936415,100155,16594,3024,221661,83381,TRUE,FALSE,Japanese,スタンミ (sutanmi)
563,AlphaCast,302793150,80355,45107,3768,605115,52004,TRUE,FALSE,French,AlphaCast
564,R6esportsBR,302772405,56355,23864,5372,563080,50637,TRUE,FALSE,Portuguese,R6esportsBR
565,karlnetwork,302619810,15150,48130,19974,1318889,249155,TRUE,FALSE,English,karlnetwork
566,der_looper_,302536170,246720,13669,1226,96043,35560,TRUE,TRUE,German,der_looper_
567,KSPKSP,302522820,139575,7026,2167,103686,53201,TRUE,TRUE,Chinese,KSPKSP
568,BurkeBlack,301798395,166110,12676,1816,298217,8815,TRUE,TRUE,English,BurkeBlack
569,BotezLive,301663470,44265,29848,6814,1142729,135637,TRUE,FALSE,English,BotezLive
570,RRaenee,301434255,38220,31511,7886,653707,343610,TRUE,TRUE,Turkish,RRaenee
571,unsympathisch_tv,301318080,70365,27418,4282,1112714,140944,TRUE,TRUE,German,unsympathisch_tv
572,xXxTheFocuSxXx,300409425,103740,24684,2895,1646423,519693,TRUE,FALSE,Spanish,xXxTheFocuSxXx
573,FifaTargrean,299704590,158445,7572,1891,481283,43453,TRUE,FALSE,Thai,FifaTargrean
574,WilburSoot,299269080,7200,130218,41565,4636773,477643,TRUE,TRUE,English,WilburSoot
575,dasoku_aniki,299175885,152655,29690,1959,171366,56396,TRUE,FALSE,Japanese,蛇足 (dasoku_aniki)
576,Timmac,299110290,178035,17776,1680,583062,57023,TRUE,TRUE,English,Timmac
577,Xari,298035195,59775,53142,4985,399189,38766,TRUE,FALSE,French,Xari
578,dannyaarons,297295170,79695,18162,3730,516045,365007,TRUE,FALSE,English,dannyaarons
579,el_yuste,296431680,75315,19125,3935,145661,94787,TRUE,FALSE,Spanish,el_yuste
580,takesipon,295970025,101640,12046,2911,117960,18283,TRUE,FALSE,Chinese,踢虧 (takesipon)
581,wtf_winds123,295872540,121530,12579,2434,313990,20727,TRUE,TRUE,Chinese,大丸 (wtf_winds123)
582,pijack11,294981210,122475,11775,2408,553763,66857,TRUE,TRUE,Portuguese,pijack11
583,The_Happy_Hob,294234135,95295,15229,3087,305629,37553,TRUE,TRUE,English,The_Happy_Hob
584,csgo_mc2,293909370,56130,76284,5236,369296,80387,TRUE,FALSE,Russian,csgo_mc2
585,Ricoy,293176755,59805,21155,4902,335023,91133,TRUE,TRUE,Spanish,Ricoy
586,FarfadoxVEVO,292966275,45465,29436,6443,1248473,422922,TRUE,FALSE,Spanish,FarfadoxVEVO
587,VonDice,292232400,84600,21832,3454,210171,32867,FALSE,TRUE,English,VonDice
588,taxi2g,291868560,148890,14465,1960,352960,176399,TRUE,FALSE,English,taxi2g
589,edizderbreite,291575685,93255,9174,3126,127604,79385,FALSE,TRUE,German,edizderbreite
590,DVM_Medja,291242835,114465,7861,2544,195048,49560,TRUE,TRUE,French,DVM_Medja
591,ZLOYn,290047290,59850,74131,4846,822989,260694,TRUE,TRUE,Russian,ZLOYn
592,Beast1k,287380560,162795,9915,1765,56871,45712,TRUE,TRUE,English,Beast1k
593,Nadeshot,287236680,60900,47199,4716,1941994,247833,FALSE,TRUE,English,Nadeshot
594,MrSavage,286742460,35745,38746,8021,2782229,401632,TRUE,FALSE,English,MrSavage
595,guanweiboy,286318110,87600,11631,3268,119549,34413,TRUE,FALSE,Chinese,冠緯 (guanweiboy)
596,PrimeVideo,286256370,7200,147379,39757,535156,189400,TRUE,FALSE,English,PrimeVideo
597,blxckoutz,285433050,511740,15239,557,1503053,141274,TRUE,FALSE,Portuguese,blxckoutz
598,WELOVEGAMES,284116455,128745,8643,2206,450901,11421,TRUE,FALSE,Russian,WELOVEGAMES
599,orangemorange,283670895,78390,13373,3618,533754,60605,TRUE,TRUE,German,orangemorange
600,Smurf_tv,283591710,145095,7863,1954,66430,27983,TRUE,FALSE,Russian,Smurf_tv
601,boyMinORu,283527660,156885,17100,1807,680826,177239,TRUE,TRUE,Thai,boyMinORu
602,Hayashii,283026990,90000,30281,3144,393537,45553,TRUE,FALSE,Portuguese,Hayashii
603,shongxbong,281546895,22545,54620,12488,1363853,286449,TRUE,FALSE,Arabic,shongxbong
604,Naowh,281026275,120795,37876,2326,239552,53904,TRUE,FALSE,English,Naowh
605,lol_ambition,280776330,89325,26989,3143,470771,20489,TRUE,FALSE,Korean,앰비션_ (lol_ambition)
606,woohankyung,280109700,52965,20450,5288,418755,221441,TRUE,TRUE,Korean,한갱 (woohankyung)
607,Kubx,279745605,188145,10127,1486,356639,125921,TRUE,FALSE,Polish,Kubx
608,icebergdoto,279673800,76155,9776,3672,364317,80087,TRUE,FALSE,Russian,icebergdoto
609,Dakillzor,279542025,199935,23643,1398,161358,41007,TRUE,TRUE,English,Dakillzor
610,AyeZee,279030375,48720,12184,5727,152790,42486,TRUE,TRUE,English,AyeZee
611,Greekgodx,278878755,90540,18378,3080,1624289,114951,TRUE,TRUE,English,Greekgodx
612,StRoGo1337,278560680,58440,16561,4766,366122,295897,FALSE,FALSE,Russian,StRoGo1337
613,Crystal_LoL,278469315,131340,10528,2120,312043,35812,TRUE,FALSE,Turkish,Crystal_LoL
614,PAGO3,277433835,119460,29849,2322,718976,80910,TRUE,FALSE,Polish,PAGO3
615,Bawkbasoup,277202655,138495,7019,2001,151154,20554,TRUE,TRUE,English,Bawkbasoup
616,Maya,277191765,35655,33889,7774,725670,159625,TRUE,FALSE,English,Maya
617,Natsumiii,276788700,124635,60722,2220,529761,58080,TRUE,FALSE,English,Natsumiii
618,frametamer666,276321390,44235,57685,6246,651661,646465,TRUE,FALSE,Russian,frametamer666
619,yuyuta0702,276246915,63150,20986,4374,139262,137676,FALSE,FALSE,Japanese,ゆゆうた押忍 (yuyuta0702)
620,LOLITOFDEZ,275983245,29295,69509,9420,2916335,524769,TRUE,FALSE,Spanish,LOLITOFDEZ
621,uhSnow,275742930,86865,11194,3174,239210,31463,TRUE,TRUE,English,uhSnow
622,ilGabbrone,275594565,115020,13607,2396,539847,131959,TRUE,TRUE,Italian,ilGabbrone
623,Grimmmz,275435580,195315,17626,1410,1036956,7652,TRUE,TRUE,English,Grimmmz
624,ESL_SC2,274274670,279630,31140,980,372312,15300,TRUE,FALSE,English,ESL_SC2
625,Fairlight_Excalibur,274256985,194775,4339,1408,401667,997,TRUE,FALSE,English,Fairlight_Excalibur
626,AverageJonas,274040610,155880,30754,1758,897620,297104,TRUE,FALSE,English,AverageJonas
627,BruceGrannec,274025970,94305,20974,2905,664085,64901,TRUE,FALSE,French,BruceGrannec
628,pgl_csgo,273360330,10500,167151,26034,406046,171203,TRUE,FALSE,English,pgl_csgo
629,Strippin,273190110,132105,13054,2067,315395,9959,TRUE,FALSE,English,Strippin
630,JUJALAG,273102975,91620,15879,2980,396852,163471,TRUE,FALSE,Spanish,JUJALAG
631,BoxyFresh,273004125,91755,9361,2975,131919,41924,TRUE,TRUE,English,BoxyFresh
632,Felps,272662935,105135,10240,2593,1245183,122444,TRUE,FALSE,Portuguese,Felps
633,LukiSteve,272325690,49065,28973,5550,265191,88586,TRUE,FALSE,Polish,LukiSteve
634,bananabrea,272093940,158760,14035,1713,239911,27958,TRUE,TRUE,English,bananabrea
635,HOLLYWOOD285,271147110,153090,8519,1771,295409,86743,TRUE,FALSE,Italian,HOLLYWOOD285
636,itsHafu,270796710,144060,20625,1879,1279082,-19501,TRUE,FALSE,English,itsHafu
637,tommyinnit,270005775,7275,106227,37114,7359405,514579,TRUE,FALSE,English,tommyinnit
638,yd0821,268611300,27765,23609,9674,339340,14949,TRUE,FALSE,Korean,양띵 (yd0821)
639,bt0tv,267762360,191790,37017,1396,387325,72170,TRUE,FALSE,Portuguese,bt0tv
640,Chap,267611175,138075,40326,1938,1346952,9740,TRUE,FALSE,English,Chap
641,Method,267381165,44475,17751,6011,376549,1726,TRUE,FALSE,English,Method
642,KhaosAdam,267379215,144750,11294,1847,92900,39983,TRUE,FALSE,English,KhaosAdam
643,akarindao,267237540,127950,11649,2088,228062,211091,TRUE,FALSE,Japanese,濃いめのあかりん (akarindao)
644,evelone2004,267062655,22035,56415,12119,513270,400628,FALSE,FALSE,Russian,evelone2004
645,TrU3Ta1ent,266846115,120600,8805,2212,682042,21437,TRUE,FALSE,English,TrU3Ta1ent
646,metashi12,266666835,89505,38267,2979,166568,40937,TRUE,TRUE,German,metashi12
647,Annoying,266543160,83835,10275,3179,681860,59708,TRUE,FALSE,English,Annoying
648,Leynainu,266438655,117930,5453,2259,906956,160298,TRUE,FALSE,English,Leynainu
649,Nikolarn,265531485,76230,24960,3483,633668,188145,TRUE,FALSE,English,Nikolarn
650,nanayango3o,265516425,133125,15843,1994,217617,17029,TRUE,FALSE,Korean,나나양 (nanayango3o)
651,valorantleague_tr,264457320,75270,69785,3513,455369,77234,TRUE,FALSE,Turkish,valorantleague_tr
652,Teuf,264452745,105930,16368,2496,284269,49212,TRUE,TRUE,French,Teuf
653,Skermz,263897925,100545,5111,2624,117873,85033,TRUE,TRUE,English,Skermz
654,omie,263725620,76185,22877,3461,218972,108196,TRUE,FALSE,English,omie
655,TcK10,263637255,172515,5968,1528,197075,149386,TRUE,TRUE,Portuguese,TcK10
656,Crystalst,263598330,255660,18697,1031,222655,45578,TRUE,FALSE,English,Crystalst
657,BrawlStars,263251935,12105,279919,21747,234268,68957,FALSE,FALSE,English,BrawlStars
658,xmerghani,263066820,60045,15369,4381,288523,160590,TRUE,FALSE,Polish,xmerghani
659,QuarterJade,261827865,47430,17543,5520,1005743,203421,TRUE,FALSE,English,QuarterJade
660,tarzaned,261732045,92730,11169,2822,526235,59415,TRUE,TRUE,English,tarzaned
661,rtparenacsgo,260620245,98805,29846,2637,209751,38215,TRUE,FALSE,Portuguese,RTP Arena CS:GO (rtparenacsgo)
662,RiffTrax,259581840,520080,1965,499,107549,11535,TRUE,FALSE,English,RiffTrax
663,lilsimsie,258763155,63345,22413,4084,703568,172125,TRUE,FALSE,English,lilsimsie
664,DessT3,258657960,105660,18709,2448,365771,112994,TRUE,TRUE,Spanish,DessT3
665,matsuri_hs,258569700,158370,4949,1632,14381,5199,TRUE,TRUE,Japanese,matsuri_hs
666,Loeya,257515020,124425,7095,2069,1570095,104537,TRUE,FALSE,English,Loeya
667,beryl_lulu,257405655,80895,15166,3181,363087,83666,TRUE,FALSE,Chinese,貝莉莓41 (beryl_lulu)
668,maoruya,257177160,113445,10657,2266,111257,108277,TRUE,FALSE,Korean,마왕루야_ (maoruya)
669,pekeasmr,257038290,218175,2668,1178,295183,187237,TRUE,TRUE,English,pekeasmr
670,AvoidingThePuddle,256859115,68025,20916,3775,404154,21073,TRUE,TRUE,English,AvoidingThePuddle
671,Zemie,256812540,157455,20140,1631,764865,416215,TRUE,FALSE,English,Zemie
672,ALOHADANCETV,256801395,124410,14330,2064,792025,96742,TRUE,TRUE,Russian,ALOHADANCETV
673,namin1004,256795395,76425,7404,3360,213794,132445,TRUE,FALSE,Chinese,나민님 (namin1004)
674,AmazonMusic,255910365,25275,190841,10125,558927,232579,TRUE,FALSE,English,AmazonMusic
675,rAx1337,255635430,192720,7756,1326,156143,68902,TRUE,FALSE,German,rAx1337
676,bateson87,255382935,109905,19721,2323,980826,115256,TRUE,FALSE,English,bateson87
677,Limmy,254293710,85845,6696,2962,440687,59812,TRUE,TRUE,English,Limmy
678,StRoGo,253972170,21465,46255,11831,1042694,338323,TRUE,FALSE,Russian,StRoGo
679,Dunduk,253570770,93780,15899,2703,110283,30974,TRUE,FALSE,Russian,Dunduk
680,Xop0,253342995,382980,5626,661,142605,-1682,FALSE,FALSE,Russian,Xop0
681,AsunaWEEB,253283475,35310,26003,7173,798135,241485,TRUE,FALSE,English,AsunaWEEB
682,Albralelie,253139985,148470,17940,1704,597480,92465,TRUE,FALSE,English,Albralelie
683,HoneyPuu,253123065,111030,14966,2279,522036,216363,TRUE,FALSE,German,HoneyPuu
684,Crown,253059720,19650,130749,12878,186050,143687,TRUE,FALSE,English,Crown
685,Sintica,253007835,106710,9591,2370,295508,40438,TRUE,TRUE,German,Sintica
686,MenosTrece,252603990,89085,17748,2835,1084956,137313,TRUE,FALSE,Spanish,MenosTrece
687,Rush,252074325,39615,15042,6363,609779,90833,TRUE,FALSE,English,Rush
688,Malinkaa98,251692095,349575,3465,719,237413,77173,TRUE,FALSE,English,Malinkaa98
689,velox,251615715,142980,9214,1759,519398,43177,TRUE,FALSE,Italian,velox
690,109ace,251435490,146625,7688,1714,205119,5754,TRUE,FALSE,Korean,철면수심 (109ace)
691,Jay3,251107170,188700,16835,1330,412778,95770,TRUE,FALSE,English,Jay3
692,flurry1989,250685085,127875,11420,1960,208861,9680,TRUE,FALSE,Korean,플러리 (flurry1989)
693,samueletienne,250232520,51165,38340,4890,552821,102831,TRUE,FALSE,French,samueletienne
694,StaysafeTV,249570165,162495,17772,1535,220161,18256,TRUE,TRUE,English,StaysafeTV
695,ibabyrainbow,249215415,134355,4785,1854,643106,55471,TRUE,FALSE,English,ibabyrainbow
696,nyanners,248856045,32640,27613,7624,989837,290354,TRUE,TRUE,English,nyanners
697,keanelol,248700345,127560,8505,1949,242481,34234,TRUE,FALSE,English,keanelol
698,willneff,248590530,60480,42123,4110,394616,76048,TRUE,FALSE,English,willneff
699,sal_gu,248321325,101190,8404,2454,231397,5064,TRUE,FALSE,Korean,살구__ (sal_gu)
700,Lacari,247785975,120930,13293,2049,321787,78906,TRUE,TRUE,English,Lacari
701,Broxah,247207275,84930,19261,2910,414448,84855,TRUE,FALSE,English,Broxah
702,rhffkddl96,246706740,259455,5810,950,28861,6939,TRUE,FALSE,Korean,꼴랑이임 (rhffkddl96)
703,Repaz,246498420,161910,11502,1522,660996,57309,TRUE,TRUE,German,Repaz
704,yumyumyu77,246432150,104130,10880,2366,306372,947,TRUE,FALSE,Korean,소풍왔니 (yumyumyu77)
705,gutitubo,246294735,80025,9343,3077,141505,45460,TRUE,FALSE,Japanese,ぐちつぼ (gutitubo)
706,Zoil,246067125,99735,17988,2467,162144,97278,TRUE,TRUE,English,Zoil
707,jakenbakeLIVE,245339925,115170,31972,2130,636545,72860,TRUE,FALSE,English,jakenbakeLIVE
708,mokrivskyi,245248485,26520,94641,9247,904835,452875,FALSE,FALSE,Russian,mokrivskyi
709,ATK,245066310,192705,10795,1271,106311,75094,TRUE,FALSE,English,ATK
710,llilka,244649355,46635,27234,5246,286328,130776,TRUE,FALSE,Korean,릴카 (llilka)
711,Tomato,244257375,62880,9319,3884,145492,16018,TRUE,TRUE,English,Tomato
712,Lysium,243159405,133140,7379,1826,249126,25049,TRUE,TRUE,English,Lysium
713,DieHahn,242698275,153285,6175,1583,225517,11857,TRUE,FALSE,German,DieHahn
714,KroozzNS,242229105,123210,14351,1965,374130,258364,FALSE,TRUE,Portuguese,KroozzNS
715,Cedduzzo,241319955,523545,3220,460,132697,42072,TRUE,FALSE,Italian,Cedduzzo
716,Fortnite,241259310,17520,94646,13770,5328990,492165,TRUE,FALSE,English,Fortnite
717,Kennzy,241153395,134010,17637,1799,375904,95227,TRUE,FALSE,Portuguese,Kennzy
718,bySL4M,240883920,52740,106769,4567,178499,139999,TRUE,FALSE,Russian,bySL4M
719,imPROBZZ,240826680,270375,2924,890,161516,59293,TRUE,FALSE,English,imPROBZZ
720,shanks_ttv,240803895,89895,10221,2678,390845,194972,TRUE,TRUE,English,shanks_ttv
721,Warframe,240517590,7515,333666,32005,1790749,183813,TRUE,FALSE,English,Warframe
722,he0901,240371700,218535,3782,1099,86904,24422,TRUE,FALSE,Korean,해기님 (he0901)
723,Sweatcicle,239759100,129210,53023,1855,370034,72190,TRUE,TRUE,English,Sweatcicle
724,parisplatynov,239725020,75945,17497,3156,388455,256217,TRUE,FALSE,Polish,parisplatynov
725,RTGame,239264625,54225,11416,4412,1125983,69333,TRUE,FALSE,English,RTGame
726,xkwhd,239094210,169380,13786,1411,228929,20782,TRUE,FALSE,Korean,피닉스박1 (xkwhd)
727,DashDucks,239037225,523545,9826,456,338632,60013,TRUE,FALSE,English,DashDucks
728,kumikomii,238870050,153195,3954,1559,246878,8026,TRUE,FALSE,Korean,고차비 (kumikomii)
729,Calebhart42,238193805,124575,7209,1912,204349,6685,TRUE,FALSE,English,Calebhart42
730,SkyshockTV,238191120,160035,11133,1488,155670,6302,TRUE,FALSE,Spanish,SkyshockTV
731,Pikabooirl,238108335,134805,8348,1766,389862,43511,TRUE,FALSE,English,Pikabooirl
732,chocoTaco,237449670,146205,21497,1624,1294479,48078,TRUE,FALSE,English,chocoTaco
733,alfrea,237282600,136695,9259,1735,97794,52246,TRUE,FALSE,Japanese,らいじん (alfrea)
734,chusommontero,237091755,77760,35167,3049,208574,74438,TRUE,FALSE,Spanish,chusommontero
735,Nadia,237073680,116700,31095,2031,879338,856656,TRUE,FALSE,English,Nadia
736,mlchoins,237062175,150405,12731,1576,170191,62540,FALSE,FALSE,Korean,명훈 (mlchoins)
737,Xaryu,236230275,131685,29801,1793,400301,53745,TRUE,FALSE,English,Xaryu
738,BagginsTV,235559100,91950,20666,2561,103596,32845,TRUE,FALSE,English,BagginsTV
739,callofduty,235452630,8760,164417,26878,1426001,326301,TRUE,FALSE,English,Call of Duty (callofduty)
740,Serpentgameplay,234692190,179460,5576,1307,241943,24479,TRUE,FALSE,Dutch,Serpentgameplay
741,LightFuryLF,234602115,105735,20456,2218,101747,14345,TRUE,FALSE,Thai,LightFuryLF
742,RocKy_,234536295,60255,14290,3892,394567,79491,TRUE,FALSE,French,RocKy_
743,Psychoghost,234429600,107820,34152,2174,137224,34486,TRUE,TRUE,English,Psychoghost
744,Evangelion0,234296490,115020,22181,2037,179286,43393,TRUE,FALSE,Spanish,Evangelion0
745,Atrioc,233064585,58155,16978,4007,305460,112701,TRUE,FALSE,English,Atrioc
746,TheKller,232832445,132810,3858,1753,88732,12419,TRUE,FALSE,German,TheKller
747,savyultras90,232189005,187335,13077,1239,141851,29535,TRUE,FALSE,Italian,savyultras90
748,JLAmaru,232123125,19740,40304,11759,910274,271512,TRUE,FALSE,French,JLAmaru
749,Kxpture,232066905,129585,3888,1790,242785,162699,TRUE,FALSE,English,Kxpture
750,holyphoenix,232041300,109335,7429,2122,289758,60744,TRUE,FALSE,Turkish,holyphoenix
751,OWOWOWOWOWOOW0,231983790,120000,11821,1933,92342,69394,TRUE,TRUE,Chinese,OWOWOWOWOWOOW0
752,sacy,231566430,49785,23261,4651,547046,179000,TRUE,TRUE,Portuguese,sacy
753,TheJRM_,231039975,83700,6753,2760,312946,114473,TRUE,FALSE,English,TheJRM_
754,wkgml,230555940,102780,7238,2243,553995,15261,TRUE,FALSE,Korean,견자희 (wkgml)
755,H0llyLP,230481765,135315,12207,1703,196904,12955,TRUE,TRUE,German,H0llyLP
756,Sonecarox,230476140,128925,13574,1787,200924,37029,TRUE,TRUE,Portuguese,Sonecarox
757,benjyfishy,230433735,47190,34062,4883,3918236,222414,TRUE,FALSE,English,benjyfishy
758,collet11,230119575,190395,12885,1208,263195,13139,TRUE,FALSE,Korean,코렛트 (collet11)
759,NymN,229932150,112665,36344,2040,304897,17751,TRUE,TRUE,English,NymN
760,nanajam777,229536780,77430,8456,2964,344019,52880,TRUE,FALSE,Korean,우정잉 (nanajam777)
761,TheGuill84,229166175,128100,11246,1788,397463,97156,TRUE,FALSE,French,TheGuill84
762,JonVlogs,228822990,57120,19557,4006,1123196,201712,FALSE,FALSE,Portuguese,JonVlogs
763,scump,228357900,24525,38781,9311,1350930,94958,TRUE,FALSE,English,scump
764,SunBaconRelaxer,228034215,130260,7320,1750,86931,7161,TRUE,FALSE,English,SunBaconRelaxer
765,TeeGrizzley,227440830,41790,10683,5442,921578,199211,TRUE,FALSE,English,TeeGrizzley
766,CaptainMyko,227130105,189600,45370,1197,49347,40940,TRUE,FALSE,German,CaptainMyko
767,looksam,227074425,93825,13630,2420,302952,12085,TRUE,FALSE,Korean,룩삼 (looksam)
768,itsRyanHiga,226901745,121635,9178,1865,759119,61767,TRUE,FALSE,English,itsRyanHiga
769,Sanchovies,226340550,119610,11553,1892,354765,48909,TRUE,FALSE,English,Sanchovies
770,Ko0416,226136055,219300,4819,1031,116373,1590,TRUE,TRUE,Chinese,Ko0416
771,AgenteMaxo,226062360,90435,47880,2499,1119794,219187,TRUE,FALSE,Spanish,AgenteMaxo
772,unicornio,225844320,64665,13321,3492,852589,204587,TRUE,FALSE,Spanish,unicornio
773,clutch_fii,225448950,200610,11854,1123,111084,61407,TRUE,FALSE,Japanese,clutch_fii
774,BigIraq,225019275,167340,5512,1344,131814,60251,TRUE,FALSE,English,BigIraq
775,oestagiario,224568570,97305,14169,2307,256523,56042,TRUE,TRUE,Portuguese,oestagiario
776,starsmitten,224498415,107850,16147,2081,311008,42883,TRUE,FALSE,English,starsmitten
777,forg1,224459520,101175,44792,2218,159943,58598,TRUE,FALSE,Spanish,forg1
778,zondalol,224027550,199860,13232,1120,169750,34405,TRUE,FALSE,Chinese,美女 (zondalol)
779,wpghd321,223948635,138180,31420,1620,341822,45152,TRUE,FALSE,Korean,류제홍_ (wpghd321)
780,WankilStudio,223939380,21675,26399,10331,1101859,137064,TRUE,FALSE,French,WankilStudio
781,crokeyz,223641960,111510,5274,2005,103883,9838,TRUE,FALSE,English,crokeyz
782,iNoiizY,222981570,146250,6869,1524,133172,31771,TRUE,TRUE,German,iNoiizY
783,Moose_Taffy,222616260,217845,8783,1021,137208,43817,TRUE,FALSE,English,Moose_Taffy
784,ImSoFresh,222226215,121680,17856,1826,174379,20971,TRUE,FALSE,French,ImSoFresh
785,RazaH,222073440,153570,14089,1446,177999,23857,TRUE,FALSE,Portuguese,RazaH
786,Klean,221935740,167790,16765,1322,383867,23622,TRUE,TRUE,English,Klean
787,Move_Mind,221677485,86280,23185,2569,182948,31284,TRUE,TRUE,Portuguese,Move_Mind
788,PointCrow,221651730,84120,19187,2634,496792,175585,TRUE,FALSE,English,PointCrow
789,Surefour,221306880,115350,27845,1918,440878,43368,TRUE,TRUE,English,Surefour
790,crazzyccat,221113350,236865,3048,933,83320,7405,TRUE,FALSE,Korean,크캣66 (crazzyccat)
791,zwebackhd,220239555,103665,7527,2124,318722,40407,TRUE,FALSE,English,zwebackhd
792,Faux,219903300,139545,17795,1575,277338,11900,TRUE,TRUE,English,Faux
793,AQUINOby2002,219312240,58005,11477,3780,595961,226819,TRUE,FALSE,Spanish,AQUINOby2002
794,Esportmaniacos,219045225,181500,15608,1206,167030,25221,TRUE,FALSE,Spanish,Esportmaniacos
795,LUZU_TV,218923875,105285,10317,2079,195171,182389,FALSE,TRUE,Spanish,LUZU_TV
796,Fakturka,218495310,122745,9991,1780,56005,41596,TRUE,FALSE,English,Fakturka
797,MurderCrumpet,218437830,121815,10996,1793,92666,22981,TRUE,TRUE,English,MurderCrumpet
798,Mayichi,218236905,89265,51478,2444,1684296,484341,TRUE,FALSE,Spanish,Mayichi
799,WorldofTanks,217949775,34425,43799,6331,345221,91518,TRUE,TRUE,English,WorldofTanks
800,Faker,217814535,8760,46861,24864,3842918,149361,TRUE,FALSE,Korean,Faker
801,MasterSnakou,217764900,108045,9166,2015,527524,23234,TRUE,TRUE,French,MasterSnakou
802,qq7925168,217621830,114075,6991,1907,73429,10044,TRUE,FALSE,Chinese,薛喜 (qq7925168)
803,syaruru3,217599885,152310,11406,1428,75366,25013,TRUE,FALSE,Japanese,しゃるる (syaruru3)
804,katoo,217538505,159645,11159,1362,326803,130214,TRUE,FALSE,German,katoo
805,Mongraal,217280775,32145,45917,6759,5321206,362438,TRUE,FALSE,English,Mongraal
806,paivinha29,217020675,112875,9815,1922,152819,106547,TRUE,FALSE,Portuguese,paivinha29
807,Alexclick,216700830,56640,17642,3825,177749,5920,TRUE,TRUE,French,Alexclick
808,polsatgames,216100800,90000,13577,2401,265187,29721,TRUE,FALSE,Polish,polsatgames
809,SirMaza,216031500,105120,10213,2055,223171,129095,TRUE,FALSE,Spanish,SirMaza
810,Dracon,216014880,117660,8762,1835,54300,12092,TRUE,FALSE,German,Dracon
811,SaltyBet,215987430,524865,1665,411,305121,23245,TRUE,FALSE,English,SaltyBet
812,8cho,215864415,79665,22334,2709,1322073,327858,TRUE,FALSE,Spanish,8cho
813,Gosu,215860215,79275,19771,2722,1992779,109529,TRUE,FALSE,English,Gosu
814,s1mple,215737215,9480,60012,22757,3299295,414959,TRUE,FALSE,English,s1mple
815,ttv_bolin,215707275,151215,11585,1426,82751,78870,TRUE,FALSE,Chinese,波靈 (ttv_bolin)
816,Nisqyy,215624625,59490,20429,3624,269312,108367,TRUE,FALSE,French,Nisqyy
817,DanucD,214957920,134955,6638,1592,758674,76390,TRUE,FALSE,English,DanucD
818,kamikpro,214473420,101580,17923,2111,178459,25309,TRUE,FALSE,Russian,kamikpro
819,gskianto,213946185,250680,6620,853,739679,84463,TRUE,TRUE,Italian,gskianto
820,dogswellfish,213923415,185055,4187,1155,226074,-1807,TRUE,FALSE,Korean,개복어 (dogswellfish)
821,Replays,213158805,151170,11257,1410,1391716,170691,TRUE,FALSE,English,Replays
822,Papaplatte,212971080,38835,16424,5483,1570717,19631,TRUE,FALSE,German,Papaplatte
823,WeAreTheVR,212896260,88710,14882,2399,556008,49721,TRUE,TRUE,Hungarian,WeAreTheVR
824,Trey24k,212191350,143190,10181,1481,142118,91816,TRUE,TRUE,English,Trey24k
825,agustin51,212030175,63765,30795,3325,585786,557171,TRUE,FALSE,Spanish,agustin51
826,Smzinho,211761615,136485,8927,1551,828011,244986,TRUE,TRUE,Portuguese,Smzinho
827,Xayoo_,211421565,11070,45744,19098,929237,58780,TRUE,FALSE,Polish,Xayoo_
828,mang0,211211130,171540,8882,1231,490691,45488,TRUE,TRUE,English,mang0
829,snoodyboo,211037820,110175,8809,1915,125356,20217,TRUE,FALSE,Spanish,snoodyboo
830,TinaKitten,210742380,24180,53084,8715,1276550,283579,TRUE,FALSE,English,TinaKitten
831,Nazori,210278505,173520,8536,1211,51895,35953,TRUE,FALSE,English,Nazori
832,Taylor_Jevaux,210101325,61860,19400,3396,1703347,165430,TRUE,FALSE,English,Taylor_Jevaux
833,Dendi,210099360,55920,12982,3757,993105,113642,TRUE,FALSE,English,Dendi
834,Alinity,209848980,42075,18243,4987,1477143,40467,TRUE,FALSE,English,Alinity
835,AbdulHD,209808765,77730,8999,2699,365729,29437,TRUE,FALSE,English,AbdulHD
836,Harmii,209574045,161010,6927,1301,590246,94203,TRUE,FALSE,German,Harmii
837,RocketBaguette,209440560,42000,28815,4986,292116,52660,TRUE,FALSE,French,RocketBaguette
838,Mendo,209366505,167610,24903,1249,674715,49350,TRUE,TRUE,English,Mendo
839,Diables,209235585,99480,9355,2103,217756,41543,TRUE,FALSE,Polish,Diables
840,Noko,209047515,156150,19851,1338,365119,64998,TRUE,TRUE,English,Noko
841,RiotGamesTurkish,209034825,28950,43356,7220,833355,35430,TRUE,FALSE,Turkish,RiotGamesTurkish
842,TrilluXe,209009370,106275,8170,1966,497535,7729,TRUE,TRUE,German,TrilluXe
843,magenta62,208744875,89010,13410,2345,395449,145713,TRUE,FALSE,Korean,마젠타_ (magenta62)
844,Arthars,208437345,173490,22227,1201,98903,35853,TRUE,TRUE,English,Arthars
845,Dekarldent,208330620,83775,7563,2486,74602,6663,TRUE,FALSE,German,Dekarldent
846,oniyadayo,208213980,31335,31876,6644,205048,82394,TRUE,FALSE,Japanese,おにや (oniyadayo)
847,TheChief1114,207190500,84480,13016,2452,228243,26492,TRUE,FALSE,English,TheChief1114
848,GeneraL_HS_,207134265,164700,8272,1257,109240,28624,TRUE,FALSE,Russian,GeneraL_HS_
849,Masayoshi,207031995,58365,30581,3547,562579,84303,TRUE,FALSE,English,Masayoshi
850,sonycast_,206837025,114615,8653,1804,297463,4611,TRUE,FALSE,Korean,소니쇼 (sonycast_)
851,kimdduddi,206813400,74085,7710,2791,197673,14349,TRUE,FALSE,Korean,김뚜띠_ (kimdduddi)
852,Ampeterby7,206596545,77985,24694,2649,2301626,416915,TRUE,FALSE,Spanish,Ampeterby7
853,CapcomFighters,206417070,31440,56819,6565,395748,15669,TRUE,FALSE,English,CapcomFighters
854,Datto,206344020,65055,163608,3171,691796,80254,TRUE,TRUE,English,Datto
855,esports_rage,206067675,13680,74276,15063,133725,102909,TRUE,FALSE,Japanese,esports_rage
856,Kiyoon,205986345,53205,14965,3871,162940,36598,TRUE,FALSE,English,Kiyoon
857,alenenwooptv,205969695,151680,3396,1357,148124,12410,TRUE,FALSE,Korean,웁_게임방송 (alenenwooptv)
858,gafallen,205958865,17145,112238,12012,1446090,130883,TRUE,FALSE,Portuguese,gafallen
859,mazellovvv,205621200,38520,16537,5338,624079,493686,TRUE,FALSE,Russian,mazellovvv
860,lovelyyeon,205531440,153525,5481,1338,192970,18887,TRUE,FALSE,Korean,_연두부_ (lovelyyeon)
861,zugorow,205504650,186345,4364,1102,133494,36767,TRUE,FALSE,Portuguese,zugorow
862,Gamers8GG,204999300,10950,109504,18721,117408,115306,TRUE,FALSE,English,Gamers8GG
863,RaizQT,204755145,155265,11708,1318,198787,8688,TRUE,FALSE,English,RaizQT
864,jessirocks,204518895,63735,71675,3208,150113,57366,TRUE,FALSE,German,jessirocks
865,pjs9073,204004215,68010,23429,2999,332877,20872,FALSE,FALSE,Korean,쫀득이_ (pjs9073)
866,Myth,203365905,58500,19731,3476,7446663,79832,TRUE,FALSE,English,Myth
867,cheatbanned,203090865,69930,36575,2904,1027494,65394,TRUE,FALSE,Russian,cheatbanned
868,TheKAIRI78,203055345,54525,22116,3724,1603656,317681,TRUE,FALSE,French,TheKAIRI78
869,Apricot,203045235,76755,10929,2645,383003,107663,TRUE,TRUE,English,Apricot
870,bbreadman,203012205,137715,6875,1474,121891,68862,TRUE,FALSE,English,bbreadman
871,LobosJr,202978755,113685,20789,1785,421888,26466,TRUE,FALSE,English,LobosJr
872,SoyPan,202701945,124050,9052,1634,905963,244527,TRUE,FALSE,Spanish,SoyPan
873,fobm4ster,202637010,134955,4820,1501,118389,26115,TRUE,FALSE,English,fobm4ster
874,a541021,202583175,158970,8182,1274,220345,337,TRUE,TRUE,Chinese,狂暴小建 (a541021)
875,Mouzakrobat,202555170,103410,5817,1958,114931,18319,TRUE,TRUE,German,Mouzakrobat
876,AriaSaki,201763980,91800,14593,2197,605321,84691,TRUE,FALSE,English,AriaSaki
877,Posty,201625755,148590,12713,1356,428560,79034,TRUE,FALSE,English,Posty
878,Milk,201474600,63435,13635,3176,136282,59826,TRUE,FALSE,English,Milk
879,MST3K,201455430,524715,19914,383,78219,15202,TRUE,FALSE,English,MST3K
880,lilypichu,201356400,35925,22166,5604,2459106,97371,TRUE,FALSE,English,lilypichu
881,Nick28T,200785230,185220,10845,1084,1051451,4735,TRUE,TRUE,English,Nick28T
882,Snip3down,200667465,81345,18731,2466,608341,73503,TRUE,TRUE,English,Snip3down
883,DoktorFroid,200589180,47655,32565,4209,231744,26810,TRUE,FALSE,German,DoktorFroid
884,OfficialAndyPyro,200281980,228240,9760,877,278429,10452,TRUE,TRUE,Finnish,OfficialAndyPyro
885,BobbyPoffGaming,200210370,186705,6039,1072,319942,73619,TRUE,TRUE,English,BobbyPoffGaming
886,Kalei,200153085,131595,9517,1520,581742,59208,TRUE,TRUE,English,Kalei
887,kss7749,200093820,90270,14694,2216,191371,7639,TRUE,FALSE,Korean,쉐리 (kss7749)
888,kyootbot,199666170,52320,11488,3816,421740,217680,TRUE,TRUE,English,kyootbot
889,johnny3047258,199585410,79545,13712,2509,97613,30688,FALSE,FALSE,Korean,죠니니 (johnny3047258)
890,rubenmartinweb,199248180,59025,15327,3375,154872,61297,TRUE,FALSE,Spanish,rubenmartinweb
891,Tanizen,199047060,137040,18878,1452,656624,320937,TRUE,FALSE,Spanish,Tanizen
892,Anthony_Kongphan,198773835,174690,15162,1137,518057,5165,TRUE,FALSE,English,Anthony_Kongphan
893,Japczan,198705900,31755,31646,6257,505557,101374,TRUE,FALSE,Polish,Japczan
894,Shiphtur,198360090,193680,14911,1024,762693,-1443,TRUE,FALSE,English,Shiphtur
895,BENIJU03,198347595,38400,41981,5165,1662655,763532,TRUE,FALSE,Spanish,BENIJU03
896,KubaFPS,198107130,117855,7913,1680,137974,121244,TRUE,TRUE,German,KubaFPS
897,Flats,198006960,109815,27241,1803,331491,191472,TRUE,FALSE,English,Flats
898,Dantes,197915265,185535,9524,1066,198551,150219,FALSE,FALSE,English,Dantes
899,Scrapie,197707470,82680,8468,2391,76491,31979,TRUE,FALSE,English,Scrapie
900,Shotzzy,197590740,67410,19696,2931,242365,94685,TRUE,FALSE,English,Shotzzy
901,Gingy,197428140,129780,53732,1521,195006,44380,TRUE,TRUE,English,Gingy
902,Homyatol,196676295,60720,11874,3239,803543,30726,TRUE,TRUE,Italian,Homyatol
903,Zellsis,196317465,109080,23878,1799,344613,308954,TRUE,TRUE,English,Zellsis
904,KarmikKoala,196048440,100620,8937,1948,191598,16733,TRUE,FALSE,Russian,KarmikKoala
905,MeikodRJ,195902535,90870,15019,2155,643536,169591,TRUE,FALSE,Portuguese,MeikodRJ
906,ggbb528,195608355,125535,8145,1558,102857,20528,TRUE,FALSE,Chinese,勝敗難免 (ggbb528)
907,meduska,195386625,53055,16512,3682,174289,161439,TRUE,FALSE,Polish,meduska
908,Juice,195198675,157515,2904,1239,94385,11778,TRUE,FALSE,Russian,Juice
909,valorant_la,195088575,53745,50016,3629,290337,136565,TRUE,FALSE,Spanish,valorant_la
910,PapeSan,194982030,38100,23736,5117,252412,214873,TRUE,FALSE,French,PapeSan
911,XenosysVex,194760525,119925,15661,1624,121657,30935,TRUE,FALSE,English,XenosysVex
912,Popo,194602125,32745,22882,5942,415069,52066,TRUE,FALSE,Polish,Popo
913,holyjckimjack,194574075,133530,8340,1457,46167,42658,FALSE,FALSE,English,holyjckimjack
914,natalan,194216730,109395,12264,1775,1517481,272897,TRUE,FALSE,Spanish,natalan
915,XcaliburYe,194167635,143280,5091,1355,161895,30674,TRUE,TRUE,English,XcaliburYe
916,viviendoenlacalle,193988955,242490,7417,799,116800,74812,TRUE,FALSE,Spanish,viviendoenlacalle
917,crazyfacetw,193752465,99345,9276,1950,118718,45071,TRUE,TRUE,Chinese,crazyfacetw
918,XQN_TheSad,193546230,103935,5542,1862,46492,30411,TRUE,FALSE,English,XQN_TheSad
919,Cydonia_Chiara,193287030,93930,15220,2057,143733,33383,TRUE,FALSE,Italian,Cydonia_Chiara
920,ploo,192997995,62715,24800,3077,644204,220725,TRUE,FALSE,English,ploo
921,Panpots,192887325,75060,31508,2569,103794,74843,TRUE,FALSE,Spanish,Panpots
922,RDjavi,192886110,78525,6732,2456,123160,117859,TRUE,FALSE,Spanish,RDjavi
923,Herdyn,192731100,117840,8648,1635,704226,35915,TRUE,TRUE,Czech,Herdyn
924,travpiper,192499080,133935,9491,1437,118881,53315,TRUE,TRUE,English,travpiper
925,Nikof,192401700,88890,17341,2164,405076,105507,TRUE,FALSE,French,Nikof
926,cdewx,192399060,149970,18563,1282,432047,16187,TRUE,FALSE,English,cdewx
927,rudbeckia7,192360705,110310,5179,1743,213332,-4197,TRUE,FALSE,Korean,연두는말안드뤄 (rudbeckia7)
928,MembTV,192116805,150375,21690,1277,108880,14300,TRUE,FALSE,English,MembTV
929,SheriffEli,192022350,144945,3545,1324,278675,2482,TRUE,TRUE,English,SheriffEli
930,Lapi,191865195,126135,81933,1521,199863,42213,TRUE,FALSE,French,Lapi
931,Hungrybox,191754630,98370,42668,1949,456815,81341,TRUE,FALSE,English,Hungrybox
932,grafo,191683920,146100,8838,1312,564079,26714,TRUE,FALSE,Spanish,grafo
933,kyliebitkin,191428755,142230,13125,1345,220636,25198,TRUE,TRUE,English,kyliebitkin
934,wudijo,191069250,151770,20578,1258,94717,29975,TRUE,FALSE,English,wudijo
935,rkdthdus930,191065065,103170,9996,1851,128026,13981,TRUE,FALSE,Korean,강소연 (rkdthdus930)
936,WagamamaTV,190909455,177150,5740,1077,329286,7346,TRUE,FALSE,English,WagamamaTV
937,emilyywang,190898925,104040,9548,1834,157164,64107,TRUE,FALSE,English,emilyywang
938,HyperRatTV,190858740,158865,45950,1201,153227,64686,TRUE,FALSE,English,HyperRatTV
939,ANGRYPUG,190835445,138555,9512,1377,452454,4882,TRUE,TRUE,English,ANGRYPUG
940,JASONR,190720950,230985,8837,825,877236,19899,TRUE,FALSE,English,JASONR
941,flamekr,190466070,143190,10861,1330,138344,34454,TRUE,FALSE,Korean,플레임__ (flamekr)
942,sizer0346,190214985,191370,2149,993,26979,2062,TRUE,FALSE,Korean,멀럭킹 (sizer0346)
943,Farfa,190170795,90510,8094,2101,98941,35263,TRUE,FALSE,English,Farfa
944,NeZaK_,189850605,150405,5670,1262,544765,108564,TRUE,FALSE,Italian,NeZaK_
945,PWRDEsports1,189761775,34785,23437,5455,73845,40525,TRUE,FALSE,English,PWRDEsports1
946,robinsongz,189706770,102975,13006,1842,82191,32159,TRUE,FALSE,English,robinsongz
947,LexVeldhuis,189654135,63210,17799,3000,305559,16137,TRUE,TRUE,English,LexVeldhuis
948,dopa24,189449760,40545,53222,4672,676907,71658,TRUE,FALSE,Korean,dopa24
949,Luzu,189297015,38475,208594,4920,2672375,929329,TRUE,FALSE,Spanish,Luzu
950,zubarefff,189272940,31095,18130,6086,615951,600218,TRUE,FALSE,Russian,zubarefff
951,LittleBigWhale,189228255,90525,88917,2090,557210,78040,TRUE,FALSE,French,LittleBigWhale
952,OhTofu,188741370,93315,4734,2022,200795,28507,TRUE,TRUE,English,OhTofu
953,Jukeyz,188469825,175440,7893,1074,211422,40711,TRUE,FALSE,English,Jukeyz
954,Lazvell,188075265,45675,21721,4117,249548,135229,TRUE,FALSE,Japanese,Lazvell
955,AresLPs,188067600,121680,31175,1545,104131,50088,TRUE,TRUE,German,AresLPs
956,Raxxanterax,187717590,156405,11120,1200,81848,24061,TRUE,FALSE,English,Raxxanterax
957,Overpow,186514875,137310,6499,1358,282916,13370,TRUE,FALSE,Polish,Overpow
958,CrystalMolly,186008700,84045,12070,2213,131253,76430,TRUE,FALSE,Spanish,CrystalMolly
959,Ray,185708640,85395,8468,2174,575132,14369,TRUE,FALSE,English,Ray
960,Genburten,185705460,71685,8021,2590,439852,179561,TRUE,FALSE,English,Genburten
961,ElisaEsports,185425845,41535,64088,4464,138754,93887,FALSE,FALSE,English,ElisaEsports
962,brkk,185424000,102540,28536,1808,373097,301413,FALSE,TRUE,Portuguese,brkk
963,RakanooLive,185028480,117000,7420,1581,1646404,80169,TRUE,FALSE,Arabic,RakanooLive
964,Un33D,185001675,110205,8724,1678,72922,26996,TRUE,FALSE,French,Un33D
965,Senderfn,184821435,121260,35315,1524,54635,50127,TRUE,TRUE,German,Senderfn
966,Cerbero_Podcast,184658940,54375,24552,3396,331782,47240,TRUE,FALSE,Italian,Cerbero_Podcast
967,brothers_baseball,184637775,38220,27569,4830,147145,49541,TRUE,FALSE,Chinese,中信兄弟官方頻道 (brothers_baseball)
968,GeorgeNotFound,184559700,3720,179525,49612,4893007,309096,TRUE,FALSE,English,GeorgeNotFound
969,Leopard,184162305,121980,8321,1509,136113,27525,TRUE,FALSE,English,Leopard
970,BULLSEYE,184118670,111525,14165,1650,183420,38591,TRUE,FALSE,Russian,BULLSEYE
971,pathofexilebota,183967815,106965,12611,1719,64323,14120,TRUE,FALSE,Russian,pathofexilebota
972,MasterTay,183921405,131670,4155,1396,132113,2477,TRUE,TRUE,German,MasterTay
973,5opka,183775230,84450,10069,2176,372853,313750,FALSE,FALSE,Russian,5opka
974,Saruei,183772815,73545,11962,2498,363412,105134,TRUE,TRUE,English,Saruei
975,sips_,183766800,89505,5131,2053,534930,13999,TRUE,TRUE,English,sips_
976,mailand,183529020,79455,6208,2309,152709,25441,TRUE,FALSE,German,mailand
977,TGLTN,183254325,82290,6686,2226,284237,104067,TRUE,FALSE,English,TGLTN
978,viperdemon,182976570,194700,14420,939,227634,37713,TRUE,FALSE,Thai,viperdemon
979,Spursito,182665125,48030,24467,3803,1155865,282818,TRUE,FALSE,Spanish,Spursito
980,TFToddy,182471370,114585,8814,1592,61951,46085,TRUE,TRUE,Portuguese,TFToddy
981,vickypalami,182429880,114810,31330,1588,350916,268542,TRUE,FALSE,Spanish,vickypalami
982,Lobanjicaa,182343420,104310,11697,1748,442798,77142,TRUE,TRUE,English,Lobanjicaa
983,GuDDummit,182318880,93945,5892,1940,52261,20412,TRUE,FALSE,Russian,GuDDummit
984,AdrianaChechik_,182313015,67125,9680,2716,823924,244314,TRUE,TRUE,English,AdrianaChechik_
985,Manyrin,182219505,61395,28112,2967,526274,39899,TRUE,FALSE,Russian,Manyrin
986,pvfrango,182056605,73485,59831,2477,372187,369708,FALSE,FALSE,Portuguese,pvfrango
987,drakeplaydz,181806870,429000,2140,423,75721,75112,FALSE,FALSE,Spanish,drakeplaydz
988,BlitzStream,181617270,101655,11598,1786,163496,22825,TRUE,FALSE,French,BlitzStream
989,taaaao,181585365,195030,5323,931,61929,59317,TRUE,FALSE,Chinese,國濤 (taaaao)
990,TheDarkness,180865005,104940,19092,1723,696792,28589,TRUE,FALSE,Portuguese,TheDarkness
991,Vinesauce,180692775,38820,16656,4654,547475,29018,TRUE,TRUE,English,Vinesauce
992,Prefoxfox,180348840,174390,3954,1034,59721,20774,TRUE,FALSE,English,Prefoxfox
993,Terracid,180316425,47190,13676,3821,827330,130124,TRUE,FALSE,French,Terracid
994,Elosanta,180279510,129720,9790,1389,251077,211074,TRUE,FALSE,English,Elosanta
995,kkatamina,180168600,40395,26735,4460,552579,97880,TRUE,FALSE,English,kkatamina
996,JOEYKAOTYK,180036600,107565,11027,1673,143534,41308,TRUE,FALSE,English,JOEYKAOTYK
997,by_Owl,179990025,49320,27558,3649,446325,105478,TRUE,FALSE,Russian,by_Owl
998,drb7h,179835885,24525,22337,7332,531446,169191,TRUE,FALSE,Arabic,drb7h
999,KayzahR,179579340,105315,9816,1705,207171,37931,TRUE,TRUE,German,KayzahR
1000,surugamonkey0113,179537205,147255,6444,1219,97464,28938,TRUE,FALSE,Japanese,するがモンキー (surugamonkey0113)
